date,ticker,open,high,low,close,volume
2024-01-02,AAA,29.8752,30.3236,29.7294,30.1877,445939
2024-01-02,BBB,42.0738,42.3873,42.0344,42.305,811656
2024-01-02,CCC,53.7771,53.9316,53.0309,53.1515,1376197
2024-01-02,DDD,66.0243,66.2024,65.7267,65.9204,284039
2024-01-02,EEE,78.3575,80.0865,78.1639,80.0468,817232
2024-01-03,AAA,30.2031,30.2746,29.7061,29.7945,304314
2024-01-03,BBB,42.1811,42.7623,42.0637,42.5566,1445493
2024-01-03,CCC,53.2568,54.1562,53.0551,53.9786,1327983
2024-01-03,DDD,65.881,66.0569,64.9393,65.0608,1309881
2024-01-03,EEE,80.5605,80.5729,79.8292,79.8482,434420
2024-01-04,AAA,29.8993,30.0355,29.4743,29.5669,711186
2024-01-04,BBB,42.6524,42.6701,42.3317,42.4891,186251
2024-01-04,CCC,54.1637,54.2057,53.1963,53.4459,960518
2024-01-04,DDD,65.0767,65.3877,64.7971,64.9791,259020
2024-01-04,EEE,79.94,80.2791,78.6276,78.9334,361012
2024-01-05,AAA,29.4653,29.9211,29.4334,29.8097,1266045
2024-01-05,BBB,42.4252,42.9038,42.3327,42.8188,1281814
2024-01-05,CCC,53.4083,53.9255,53.2628,53.7213,1427142
2024-01-05,DDD,65.1278,65.3722,64.2368,64.5422,221238
2024-01-05,EEE,79.3046,79.8562,78.8782,79.8142,441596
2024-01-08,AAA,29.8037,30.2809,29.7549,30.2014,269654
2024-01-08,BBB,42.7541,42.9607,42.7303,42.7502,561191
2024-01-08,CCC,53.6969,54.2235,53.46,54.0668,469552
2024-01-08,DDD,64.6942,65.5064,64.4684,65.3233,228700
2024-01-08,EEE,80.0477,80.076,79.3199,79.5593,778337
2024-01-09,AAA,30.1497,30.2933,30.0271,30.224,1461321
2024-01-09,BBB,42.8147,42.8466,42.3708,42.6119,590063
2024-01-09,CCC,54.0362,54.2056,53.1505,53.3227,1175399
2024-01-09,DDD,65.1591,65.3782,64.5277,64.7758,273835
2024-01-09,EEE,79.0548,81.4223,78.9893,81.1737,573194
2024-01-10,AAA,30.2738,30.5526,30.0534,30.4351,663968
2024-01-10,BBB,42.7755,43.3757,42.5762,43.3744,997226
2024-01-10,CCC,53.5444,53.6052,53.3649,53.5609,471102
2024-01-10,DDD,64.7565,64.9386,63.9741,64.0658,1121238
2024-01-10,EEE,81.4261,82.4333,81.269,81.9764,942786
2024-01-11,AAA,30.336,30.4644,30.1677,30.3271,1457112
2024-01-11,BBB,43.3702,43.5319,42.368,42.543,1291644
2024-01-11,CCC,53.5994,53.6974,52.2597,52.378,643862
2024-01-11,DDD,64.0247,64.3981,63.9679,64.0043,205616
2024-01-11,EEE,81.4376,84.2634,81.0371,83.9089,562863
2024-01-12,AAA,30.2252,30.4055,30.0952,30.3645,1421204
2024-01-12,BBB,42.5925,42.9673,42.3603,42.7133,1188774
2024-01-12,CCC,52.3425,52.6923,51.8053,51.8298,786246
2024-01-12,DDD,63.3355,63.4646,63.1624,63.3022,349731
2024-01-12,EEE,83.5025,84.1216,83.4524,83.7126,482465
2024-01-15,AAA,30.2837,30.7475,30.1858,30.6414,757040
2024-01-15,BBB,42.6852,42.7067,42.4738,42.6097,817478
2024-01-15,CCC,52.1879,52.2962,50.8487,50.9991,1156577
2024-01-15,DDD,63.5201,64.646,63.3766,64.4426,913337
2024-01-15,EEE,83.9522,84.0989,83.6729,83.8096,1053956
2024-01-16,AAA,30.7482,30.9076,30.6142,30.8014,1242466
2024-01-16,BBB,42.4245,43.5331,42.3749,43.3738,435594
2024-01-16,CCC,50.8064,50.9523,50.4042,50.8237,192701
2024-01-16,DDD,64.4375,65.6141,64.4096,65.5248,826269
2024-01-16,EEE,84.1469,84.7843,84.0918,84.0931,534365
2024-01-17,AAA,30.8792,30.991,30.8063,30.9884,189718
2024-01-17,BBB,43.2797,44.4544,43.2475,44.2806,1408503
2024-01-17,CCC,50.9553,51.0235,50.3008,50.3286,830051
2024-01-17,DDD,66.1215,66.5655,66.0243,66.3582,1392813
2024-01-17,EEE,84.4358,84.5306,82.6458,82.7825,410582
2024-01-18,AAA,30.9092,30.9849,30.709,30.894,760289
2024-01-18,BBB,44.3873,45.5476,44.2031,45.4279,1329886
2024-01-18,CCC,50.5622,51.4182,50.458,51.1577,208878
2024-01-18,DDD,66.5047,66.5399,65.004,65.2717,981414
2024-01-18,EEE,82.7573,83.059,81.8251,82.151,1084366
2024-01-19,AAA,30.6861,31.4064,30.584,31.3333,1062291
2024-01-19,BBB,45.369,46.3232,45.2775,46.2035,1469894
2024-01-19,CCC,51.2378,51.9219,51.2256,51.8072,239352
2024-01-19,DDD,65.2143,66.0619,64.9964,65.7902,1283368
2024-01-19,EEE,82.3902,82.6286,80.122,80.5508,841627
2024-01-22,AAA,31.4225,31.7803,31.3501,31.6352,638698
2024-01-22,BBB,46.3319,46.4946,45.7356,45.9333,1051318
2024-01-22,CCC,52.0308,52.0623,51.7813,52.0038,1174025
2024-01-22,DDD,66.2771,66.4294,64.818,65.1144,1298567
2024-01-22,EEE,80.0346,80.2692,79.3376,79.7837,898147
2024-01-23,AAA,31.611,32.0576,31.5878,32.0432,756466
2024-01-23,BBB,45.8563,46.6633,45.8501,46.3178,1006306
2024-01-23,CCC,52.1852,52.7492,52.173,52.6643,559907
2024-01-23,DDD,65.4969,66.6556,65.2273,66.4523,319675
2024-01-23,EEE,79.5059,80.1915,79.4311,79.6724,687624
2024-01-24,AAA,32.1069,32.2124,31.6338,31.773,346690
2024-01-24,BBB,46.5712,47.2169,46.2239,47.1558,717447
2024-01-24,CCC,52.8516,52.9529,52.3024,52.3868,869129
2024-01-24,DDD,66.2814,67.3768,66.1898,67.1021,495102
2024-01-24,EEE,79.8541,79.9109,78.4533,78.8911,723145
2024-01-25,AAA,31.8525,31.992,31.7278,31.916,915282
2024-01-25,BBB,47.1611,47.954,47.0394,47.8313,757950
2024-01-25,CCC,52.5599,54.0317,52.3005,53.7875,1151987
2024-01-25,DDD,67.3637,68.4388,67.2604,68.3303,650834
2024-01-25,EEE,79.0672,80.3829,78.9982,80.1682,743283
2024-01-26,AAA,31.8697,31.9409,31.7262,31.7455,1099737
2024-01-26,BBB,48.0994,48.3174,48.0428,48.1554,393963
2024-01-26,CCC,53.7349,54.4853,53.6197,54.3401,870105
2024-01-26,DDD,68.5305,68.5991,67.5126,67.7643,798337
2024-01-26,EEE,79.8555,80.4511,79.487,80.1328,842122
2024-01-29,AAA,31.7471,31.8728,31.526,31.6492,789677
2024-01-29,BBB,48.2815,49.0332,48.1629,48.814,753882
2024-01-29,CCC,54.2393,55.0983,54.1862,54.8826,670658
2024-01-29,DDD,68.038,68.2007,67.5951,67.7694,419883
2024-01-29,EEE,80.4292,80.948,80.2648,80.7537,806996
2024-01-30,AAA,31.6367,32.0531,31.5469,31.9842,981499
2024-01-30,BBB,48.6444,48.6576,48.1396,48.3074,221549
2024-01-30,CCC,54.7375,56.3841,54.4565,56.1593,955352
2024-01-30,DDD,68.0452,68.145,66.6235,66.8709,721010
2024-01-30,EEE,80.6289,81.7995,80.5581,81.5111,907144
2024-01-31,AAA,31.815,31.847,31.3922,31.5119,657592
2024-01-31,BBB,47.7363,48.1376,47.4861,48.1132,850814
2024-01-31,CCC,56.1617,56.5199,56.058,56.3571,264755
2024-01-31,DDD,66.708,67.0926,65.6842,65.9085,517630
2024-01-31,EEE,81.8002,82.5713,81.4451,82.4865,746480
2024-02-01,AAA,31.4643,31.6404,31.18,31.2515,524704
2024-02-01,BBB,48.1826,48.1932,47.4985,47.7793,1129977
2024-02-01,CCC,56.6907,56.8485,56.0463,56.1265,791865
2024-02-01,DDD,65.989,66.1677,64.359,65.0031,1006439
2024-02-01,EEE,82.4919,82.9732,81.5538,81.9319,290780
2024-02-02,AAA,31.2258,31.2601,30.9107,30.9826,1126295
2024-02-02,BBB,48.2238,48.5148,47.926,48.0407,1021643
2024-02-02,CCC,56.2782,57.35,56.1383,57.1146,1052346
2024-02-02,DDD,65.3723,65.4169,64.5166,64.723,1045005
2024-02-02,EEE,81.7012,84.6686,81.5741,84.5816,1283035
2024-02-05,AAA,30.7685,31.497,30.6616,31.3756,901917
2024-02-05,BBB,47.9782,48.171,47.6187,47.7519,1166846
2024-02-05,CCC,56.9676,57.8419,56.6862,57.6987,1292354
2024-02-05,DDD,64.6929,66.781,64.55,66.7499,1468701
2024-02-05,EEE,83.785,84.6076,83.6249,84.3894,631729
2024-02-06,AAA,31.3846,31.4455,30.8056,30.9127,413340
2024-02-06,BBB,47.7301,49.1143,47.5782,48.7439,1211919
2024-02-06,CCC,57.5013,57.6863,56.6645,57.0325,721782
2024-02-06,DDD,66.5259,67.3294,66.4008,67.2199,438418
2024-02-06,EEE,84.1867,85.3725,83.8123,85.0172,1150001
2024-02-07,AAA,31.1108,31.1892,30.9716,31.0012,1179884
2024-02-07,BBB,48.8135,50.2041,48.7378,49.958,1110475
2024-02-07,CCC,57.096,57.1101,55.5322,55.6285,337610
2024-02-07,DDD,67.5797,68.0237,67.3153,67.6782,919896
2024-02-07,EEE,84.8495,84.9726,84.0559,84.1248,733031
2024-02-08,AAA,31.1697,31.3153,31.0479,31.1636,728865
2024-02-08,BBB,50.1556,50.4966,50.1341,50.3415,669604
2024-02-08,CCC,55.5097,55.677,55.3164,55.4234,542432
2024-02-08,DDD,67.8225,67.8435,66.2555,66.4248,794021
2024-02-08,EEE,83.8067,84.5425,83.7606,84.376,1062677
2024-02-09,AAA,31.0154,31.8466,30.9799,31.7919,1486382
2024-02-09,BBB,50.0541,50.0809,49.3774,49.5369,690623
2024-02-09,CCC,55.5963,55.8468,54.1555,54.4105,616876
2024-02-09,DDD,66.1226,66.8845,65.9367,66.8209,601878
2024-02-09,EEE,84.5197,85.0814,84.2641,84.7589,533253
2024-02-12,AAA,31.8726,31.9541,31.3475,31.3493,947000
2024-02-12,BBB,49.089,49.7424,48.9577,49.6125,442130
2024-02-12,CCC,54.5577,54.8093,54.393,54.7579,472806
2024-02-12,DDD,66.9831,68.1924,66.8821,67.9784,738249
2024-02-12,EEE,84.2364,86.833,84.0523,86.6804,1001982
2024-02-13,AAA,31.3886,31.5354,30.8316,31.0488,1065883
2024-02-13,BBB,49.3233,51.1619,49.007,51.0486,701612
2024-02-13,CCC,55.1614,55.5392,54.7713,54.7893,898215
2024-02-13,DDD,67.8395,68.0986,66.7356,66.9816,1420041
2024-02-13,EEE,86.7064,87.2138,85.8782,86.2771,429525
2024-02-14,AAA,30.9259,31.3234,30.8165,31.2839,827733
2024-02-14,BBB,51.072,51.6978,50.8394,51.5093,564554
2024-02-14,CCC,55.0042,55.276,54.1531,54.2078,1482441
2024-02-14,DDD,67.3043,67.5169,66.275,66.286,1310892
2024-02-14,EEE,86.4981,87.4902,86.0918,87.3689,655704
2024-02-15,AAA,31.2319,31.2874,30.9756,31.0601,660055
2024-02-15,BBB,51.6902,51.7033,50.8681,51.0548,693585
2024-02-15,CCC,54.1845,54.9261,53.9969,54.7014,744337
2024-02-15,DDD,66.2783,68.9801,66.0265,68.7211,1373361
2024-02-15,EEE,86.8762,87.6434,86.5779,87.302,564157
2024-02-16,AAA,31.0403,31.2283,31.0295,31.1994,1270705
2024-02-16,BBB,51.0501,51.1397,50.6891,50.7325,540927
2024-02-16,CCC,54.6647,55.1644,54.4372,54.8795,1496131
2024-02-16,DDD,69.3044,69.6513,67.7513,68.0674,1380927
2024-02-16,EEE,87.0509,87.7757,86.7973,87.4068,877444
2024-02-19,AAA,31.1926,31.3965,30.997,31.0984,603296
2024-02-19,BBB,50.5085,50.77,50.4731,50.5856,323893
2024-02-19,CCC,54.7336,55.613,54.6315,55.5625,862104
2024-02-19,DDD,67.7942,69.133,67.7051,68.7511,722276
2024-02-19,EEE,87.5317,87.8576,87.4257,87.7969,948944
2024-02-20,AAA,30.951,31.0261,30.903,30.9929,322218
2024-02-20,BBB,50.471,50.5593,49.6127,49.8946,1255896
2024-02-20,CCC,55.7794,56.4477,55.4524,56.2963,884071
2024-02-20,DDD,68.1898,68.4378,67.0639,67.1567,711910
2024-02-20,EEE,87.3712,89.0381,87.0443,88.7483,1326881
2024-02-21,AAA,30.8911,32.0142,30.8542,31.8651,447614
2024-02-21,BBB,49.8523,50.3943,49.7918,50.1937,1381057
2024-02-21,CCC,56.3511,57.5767,56.0045,57.4987,912148
2024-02-21,DDD,67.3019,67.7892,64.8698,65.2469,1139551
2024-02-21,EEE,88.3209,90.021,87.7609,89.7634,1288057
2024-02-22,AAA,31.8452,32.1888,31.7913,32.0952,1437827
2024-02-22,BBB,50.2202,51.7441,50.0145,51.5824,1172350
2024-02-22,CCC,57.4206,57.7972,57.417,57.7267,189877
2024-02-22,DDD,65.4786,65.822,65.1957,65.3469,196124
2024-02-22,EEE,89.8845,91.4334,89.4857,91.3429,1325207
2024-02-23,AAA,32.0368,32.3682,32.0225,32.3504,380032
2024-02-23,BBB,51.1703,52.2897,50.9952,52.2707,257931
2024-02-23,CCC,57.5458,58.8974,57.4982,58.3652,858988
2024-02-23,DDD,65.4255,65.7408,65.2466,65.4719,1214237
2024-02-23,EEE,91.5477,91.7065,91.0342,91.2764,318094
2024-02-26,AAA,32.3711,33.1388,32.2555,33.0475,1357013
2024-02-26,BBB,52.2048,53.2973,52.1805,53.2511,1407604
2024-02-26,CCC,58.7222,59.0948,58.4789,58.9104,964468
2024-02-26,DDD,65.8332,66.19,65.3542,65.6136,1262054
2024-02-26,EEE,91.4567,91.9694,91.428,91.8004,1357492
2024-02-27,AAA,33.0765,33.7247,32.9041,33.6514,1349910
2024-02-27,BBB,53.2012,53.3407,51.3274,51.4381,653609
2024-02-27,CCC,58.7508,58.8009,57.4741,57.5196,1046663
2024-02-27,DDD,65.5122,67.8184,65.2446,67.3975,234575
2024-02-27,EEE,92.7144,94.7196,92.6818,94.3521,960705
2024-02-28,AAA,33.676,34.378,33.6672,34.359,304696
2024-02-28,BBB,51.403,52.3934,51.1854,52.327,788429
2024-02-28,CCC,57.2154,57.3256,55.7654,55.84,194766
2024-02-28,DDD,67.2116,67.4695,66.0347,66.2863,996473
2024-02-28,EEE,94.8583,95.3453,94.5973,95.2905,250904
2024-02-29,AAA,34.5959,35.2218,34.5187,35.1291,664715
2024-02-29,BBB,52.3917,53.0557,52.3566,52.7937,1486156
2024-02-29,CCC,55.9083,56.5422,55.6564,56.2728,207755
2024-02-29,DDD,66.109,68.6467,65.757,68.3181,1033954
2024-02-29,EEE,95.6201,95.9823,95.6079,95.7608,1205105
2024-03-01,AAA,35.0033,35.1534,34.6769,34.7537,971185
2024-03-01,BBB,52.9519,52.9718,52.1655,52.225,323427
2024-03-01,CCC,56.3411,56.622,56.1561,56.3951,1444155
2024-03-01,DDD,68.7028,69.0778,67.1458,67.4289,1420430
2024-03-01,EEE,95.7292,98.0287,95.5328,97.6565,256062
2024-03-04,AAA,34.731,34.97,34.529,34.8419,548672
2024-03-04,BBB,52.1705,53.5929,51.9893,53.3433,1168678
2024-03-04,CCC,56.3201,56.397,55.9895,56.2055,872214
2024-03-04,DDD,67.4899,67.9225,67.2009,67.73,1361353
2024-03-04,EEE,98.0575,98.4277,96.1266,96.5108,476379
2024-03-05,AAA,34.5562,35.3039,34.5108,35.2018,354005
2024-03-05,BBB,53.2928,54.4103,53.2185,54.3797,533872
2024-03-05,CCC,56.0567,56.0891,55.5307,55.8074,195587
2024-03-05,DDD,67.4459,67.5468,66.7321,66.9628,348203
2024-03-05,EEE,96.2977,96.617,94.8778,95.0557,1495718
2024-03-06,AAA,35.0781,35.1599,34.6104,34.7784,291392
2024-03-06,BBB,54.4658,54.8692,54.3813,54.8618,1010787
2024-03-06,CCC,55.6148,56.2501,55.5103,55.9916,389733
2024-03-06,DDD,67.0204,67.2977,66.9035,67.0294,1499752
2024-03-06,EEE,94.9844,96.5157,94.687,96.4178,1196233
2024-03-07,AAA,34.7111,34.9634,34.5373,34.8817,1155458
2024-03-07,BBB,54.5599,54.7898,54.4757,54.6944,1433067
2024-03-07,CCC,55.8713,57.0395,55.6991,56.9153,937475
2024-03-07,DDD,66.9132,67.1785,66.8091,66.8541,270219
2024-03-07,EEE,96.5694,98.4178,96.2179,98.0333,1038677
2024-03-08,AAA,35.0683,35.2923,35.0119,35.1976,838897
2024-03-08,BBB,54.8715,55.4859,54.7499,55.336,1195618
2024-03-08,CCC,56.9198,57.9858,56.6872,57.9509,1077668
2024-03-08,DDD,67.1165,67.1483,65.8086,66.155,1117575
2024-03-08,EEE,97.7524,98.2648,97.5243,97.9145,825365
2024-03-11,AAA,35.2224,35.4209,35.1104,35.3915,212814
2024-03-11,BBB,55.0822,55.1438,54.7478,54.8427,364873
2024-03-11,CCC,57.9506,59.6977,57.7354,59.6101,1117201
2024-03-11,DDD,66.2322,66.5791,65.7448,65.8809,500468
2024-03-11,EEE,98.1624,100.5699,97.8852,100.1935,1437031
2024-03-12,AAA,35.7479,35.9893,35.5344,35.5805,1154589
2024-03-12,BBB,54.8782,55.1229,54.097,54.1064,1103378
2024-03-12,CCC,59.9859,61.7729,59.9282,61.3641,836628
2024-03-12,DDD,65.7041,66.9674,65.612,66.8307,227708
2024-03-12,EEE,100.1068,100.4275,98.0119,98.3521,657893
2024-03-13,AAA,35.4964,35.6253,34.8585,35.0481,1241756
2024-03-13,BBB,54.1803,54.3414,54.0387,54.0437,514005
2024-03-13,CCC,61.4191,61.447,60.7747,60.8788,260133
2024-03-13,DDD,66.7815,68.1163,66.7258,68.0851,554887
2024-03-13,EEE,98.0798,100.1423,97.501,99.979,1077680
2024-03-14,AAA,34.9564,35.0017,34.7395,34.8326,1189994
2024-03-14,BBB,54.05,54.3234,53.1726,53.2486,1345508
2024-03-14,CCC,61.0976,61.3788,60.2216,60.4364,245657
2024-03-14,DDD,68.5873,68.8471,68.4307,68.5834,478765
2024-03-14,EEE,99.8227,101.6747,99.5438,101.3923,619640
2024-03-15,AAA,34.7105,34.808,34.684,34.7019,979940
2024-03-15,BBB,53.216,54.3847,53.1312,54.1627,231010
2024-03-15,CCC,60.256,60.5915,59.9333,60.3057,804211
2024-03-15,DDD,68.4796,68.5538,68.035,68.4331,214596
2024-03-15,EEE,102.4204,102.7665,101.8989,102.3416,1173809
2024-03-18,AAA,34.9974,35.0123,34.1536,34.1812,1289930
2024-03-18,BBB,53.8115,54.2622,53.5486,54.1707,408101
2024-03-18,CCC,60.1235,61.4823,60.0914,61.3302,272151
2024-03-18,DDD,68.6515,68.7937,65.7787,65.9224,1267802
2024-03-18,EEE,102.1431,102.7005,99.3847,99.7643,634048
2024-03-19,AAA,34.021,35.5419,33.8957,35.4617,1257870
2024-03-19,BBB,53.8703,53.9517,53.7274,53.942,438054
2024-03-19,CCC,61.1461,61.5304,60.7826,61.1206,291514
2024-03-19,DDD,65.7431,65.9231,65.0585,65.3085,1130585
2024-03-19,EEE,99.0553,101.9417,98.3781,101.5004,1162932
2024-03-20,AAA,35.3217,36.3806,35.1608,36.2895,970098
2024-03-20,BBB,54.0235,54.2345,53.3272,53.5221,500933
2024-03-20,CCC,61.0489,61.4437,60.838,61.276,772452
2024-03-20,DDD,64.8974,65.0495,64.5364,64.9671,763181
2024-03-20,EEE,102.1172,102.377,97.9617,98.4417,388042
2024-03-21,AAA,36.2701,36.2791,36.1286,36.22,398501
2024-03-21,BBB,53.2935,54.869,53.0129,54.7108,1398817
2024-03-21,CCC,61.454,62.103,61.4134,61.7732,1101611
2024-03-21,DDD,64.8992,65.6077,64.4867,65.4976,1178600
2024-03-21,EEE,98.6174,99.1402,94.5637,94.9175,1336114
2024-03-22,AAA,36.2537,36.3222,36.0557,36.1984,861114
2024-03-22,BBB,54.3997,55.8356,54.0887,55.7032,494139
2024-03-22,CCC,61.7005,62.6891,61.6229,62.562,328784
2024-03-22,DDD,65.3815,65.744,65.2798,65.4044,906703
2024-03-22,EEE,94.7612,96.0459,94.3458,95.9766,685402
2024-03-25,AAA,36.2494,36.473,36.1406,36.3601,1078543
2024-03-25,BBB,55.6547,56.0642,55.4557,55.9393,562047
2024-03-25,CCC,62.5904,63.3777,62.1585,63.1649,933364
2024-03-25,DDD,65.4045,65.7366,64.9347,65.5061,1393373
2024-03-25,EEE,95.2134,97.8868,95.0889,97.8839,1494094
2024-03-26,AAA,36.4061,36.5082,35.8801,36.1398,1028187
2024-03-26,BBB,55.9298,56.1064,55.7591,55.8509,857717
2024-03-26,CCC,63.158,63.3859,62.0866,62.1816,671709
2024-03-26,DDD,64.8829,66.169,64.6834,65.9282,1422883
2024-03-26,EEE,97.9012,98.272,95.552,95.5653,1498283
2024-03-27,AAA,36.0295,36.4293,35.8355,36.4011,934027
2024-03-27,BBB,55.4539,58.2736,55.3719,58.0618,710703
2024-03-27,CCC,62.5323,62.6346,60.4952,60.9256,515136
2024-03-27,DDD,65.993,66.5822,65.802,66.3869,1203307
2024-03-27,EEE,95.3558,96.913,95.27,96.6564,791195
2024-03-28,AAA,36.471,36.6284,36.2939,36.6105,1236919
2024-03-28,BBB,58.0726,58.8614,57.7618,58.5963,698402
2024-03-28,CCC,61.1761,61.3531,60.8525,61.0319,491386
2024-03-28,DDD,66.2429,67.1644,65.6436,67.0903,647581
2024-03-28,EEE,96.6593,96.9819,95.9546,96.3166,864885
2024-03-29,AAA,36.5414,36.6703,36.1054,36.2178,1371502
2024-03-29,BBB,58.0468,59.9264,57.8292,59.5583,1390962
2024-03-29,CCC,61.1095,61.3557,60.9415,61.2679,1400050
2024-03-29,DDD,66.6889,67.5025,66.6133,67.285,961713
2024-03-29,EEE,96.4268,96.9094,95.8127,96.0826,1050659
2024-04-01,AAA,36.2028,36.2932,36.0654,36.185,1456418
2024-04-01,BBB,59.2676,60.575,59.0725,60.494,975345
2024-04-01,CCC,61.8315,62.0059,60.5086,60.8794,1268961
2024-04-01,DDD,67.5663,67.8327,66.6557,66.9326,312099
2024-04-01,EEE,96.011,96.9088,95.6226,96.7438,1199263
2024-04-02,AAA,36.1507,36.2719,35.0383,35.1646,1311995
2024-04-02,BBB,60.7565,60.8518,60.4559,60.8195,349347
2024-04-02,CCC,60.5576,61.3633,60.3505,61.2344,1035951
2024-04-02,DDD,66.6135,69.2877,66.2776,68.8705,671044
2024-04-02,EEE,96.7547,97.7489,96.5279,97.5156,1276057
2024-04-03,AAA,34.9175,35.2274,34.6921,35.0991,626472
2024-04-03,BBB,60.7699,60.933,60.5265,60.9294,392839
2024-04-03,CCC,61.2887,63.0905,61.0263,62.7287,363121
2024-04-03,DDD,68.635,69.7932,68.4937,69.5634,382409
2024-04-03,EEE,96.8736,97.2632,96.5382,96.8983,508291
2024-04-04,AAA,35.053,35.6565,35.0216,35.5542,665115
2024-04-04,BBB,61.0875,61.0884,60.4795,60.668,1169145
2024-04-04,CCC,63.3285,63.457,62.7227,62.8149,502708
2024-04-04,DDD,68.9961,69.7639,68.8003,69.4,1338846
2024-04-04,EEE,97.633,97.8517,96.1285,96.2488,576327
2024-04-05,AAA,35.7391,35.8879,35.2744,35.5039,1196783
2024-04-05,BBB,60.9518,61.1129,60.5793,60.6771,1448528
2024-04-05,CCC,63.4006,63.6947,61.7446,61.8889,881192
2024-04-05,DDD,69.2445,69.5019,68.9089,68.9925,931924
2024-04-05,EEE,95.5813,96.161,94.3469,94.8918,834881
2024-04-08,AAA,35.7516,35.9221,35.5851,35.7833,613436
2024-04-08,BBB,60.8073,61.922,60.6536,61.7843,1385362
2024-04-08,CCC,62.3757,62.6269,62.2216,62.6209,1452498
2024-04-08,DDD,69.1358,69.6912,69.0871,69.5104,1465236
2024-04-08,EEE,95.5793,95.7988,93.4714,93.7021,389106
2024-04-09,AAA,35.7928,35.8503,35.571,35.749,226394
2024-04-09,BBB,61.8803,61.9125,60.3576,60.6306,1254741
2024-04-09,CCC,62.1266,62.6725,61.9738,62.3532,495113
2024-04-09,DDD,69.1032,69.7664,68.9997,69.7005,1143697
2024-04-09,EEE,93.9491,96.7364,93.6205,96.0256,1000757
2024-04-10,AAA,35.7217,36.3708,35.5609,36.1776,447174
2024-04-10,BBB,60.3638,62.7901,59.9656,62.6151,1391575
2024-04-10,CCC,62.2651,64.6896,62.0635,64.5503,472976
2024-04-10,DDD,69.5756,70.0563,69.1618,69.419,735603
2024-04-10,EEE,95.3161,95.549,94.7546,95.2584,905297
2024-04-11,AAA,36.2833,37.0674,36.1793,37.062,1447118
2024-04-11,BBB,62.4407,63.9109,62.2531,63.6913,308468
2024-04-11,CCC,64.404,65.6985,64.0746,65.5845,1235358
2024-04-11,DDD,69.3163,69.9954,69.2211,69.8691,1362144
2024-04-11,EEE,95.2662,96.4399,94.9371,96.3426,1029121
2024-04-12,AAA,37.2861,37.4455,36.8687,36.9279,1445721
2024-04-12,BBB,63.6685,63.681,63.0143,63.2211,554947
2024-04-12,CCC,65.2631,65.6548,63.6085,63.8514,1393195
2024-04-12,DDD,69.8191,70.6288,69.5068,70.4368,490827
2024-04-12,EEE,96.4068,97.3166,95.9504,97.1799,928976
2024-04-15,AAA,36.9327,36.9537,36.514,36.5747,867122
2024-04-15,BBB,63.1636,63.7131,62.8492,63.6984,568264
2024-04-15,CCC,63.8079,64.001,63.0274,63.3105,472253
2024-04-15,DDD,70.2706,70.3217,68.442,68.8928,1033381
2024-04-15,EEE,97.3288,98.1211,92.4836,92.4851,312167
2024-04-16,AAA,36.7437,36.8987,36.3259,36.3835,993338
2024-04-16,BBB,63.6269,63.627,63.1455,63.2055,1049194
2024-04-16,CCC,63.3796,63.5571,62.4446,62.7044,437953
2024-04-16,DDD,68.4756,68.6629,66.5759,66.713,1273615
2024-04-16,EEE,92.314,93.1098,91.9498,92.6399,211280
2024-04-17,AAA,36.394,36.7511,36.1671,36.611,491135
2024-04-17,BBB,63.5161,63.6254,62.6019,62.8711,1260090
2024-04-17,CCC,62.794,63.1195,61.5176,61.763,551394
2024-04-17,DDD,67.2319,67.4757,65.2225,65.4811,415205
2024-04-17,EEE,92.9353,93.3146,92.0655,93.0324,932591
2024-04-18,AAA,36.6975,36.7035,36.2295,36.4465,971463
2024-04-18,BBB,62.8355,63.4804,62.7142,63.1806,1321932
2024-04-18,CCC,61.5568,61.9926,61.217,61.816,578367
2024-04-18,DDD,65.3814,66.4435,65.1054,66.2822,327970
2024-04-18,EEE,92.3959,93.6694,91.9067,93.4905,220480
2024-04-19,AAA,36.5699,36.7705,36.4006,36.7023,1144305
2024-04-19,BBB,62.8313,62.953,61.9653,61.9964,902904
2024-04-19,CCC,61.596,61.9736,61.3865,61.849,1496836
2024-04-19,DDD,66.7056,66.93,64.3952,64.7554,1495199
2024-04-19,EEE,92.6837,92.9677,91.1349,91.6612,981227
2024-04-22,AAA,36.7367,37.031,36.69,36.9003,620401
2024-04-22,BBB,62.5853,62.615,61.5161,61.7264,881306
2024-04-22,CCC,61.9783,62.7034,61.6159,62.4053,540143
2024-04-22,DDD,64.4544,64.68,63.749,63.9493,812172
2024-04-22,EEE,90.9798,91.6898,90.5865,91.3332,1020983
2024-04-23,AAA,36.8778,37.07,36.6934,36.9309,912617
2024-04-23,BBB,61.6046,61.8068,60.8256,60.9262,1404985
2024-04-23,CCC,62.1721,63.4883,61.995,63.4126,1004073
2024-04-23,DDD,63.6899,63.7197,63.4088,63.5934,785749
2024-04-23,EEE,91.7477,92.1634,88.4259,88.8939,1477229
2024-04-24,AAA,37.1498,37.206,36.9214,36.9715,758033
2024-04-24,BBB,60.8157,62.7571,60.5086,62.537,881729
2024-04-24,CCC,63.3006,63.4304,62.438,62.5416,1089344
2024-04-24,DDD,63.9869,64.1683,62.6792,63.0284,704665
2024-04-24,EEE,89.0791,90.4099,89.0223,89.9837,550936
2024-04-25,AAA,37.0964,37.2697,36.8865,37.1574,186455
2024-04-25,BBB,62.3917,62.607,62.1245,62.51,349614
2024-04-25,CCC,62.8364,63.0499,61.9069,62.4026,922587
2024-04-25,DDD,63.0901,63.2724,62.5878,62.6125,960370
2024-04-25,EEE,89.7187,89.9646,87.6522,87.9845,1158982
2024-04-26,AAA,37.2398,37.9175,37.1433,37.6294,1127443
2024-04-26,BBB,62.5417,62.6563,61.6733,61.7933,366156
2024-04-26,CCC,62.4037,62.6229,62.0454,62.2865,254999
2024-04-26,DDD,62.7994,62.8934,62.4061,62.5732,330827
2024-04-26,EEE,88.3887,89.8281,88.0814,89.7155,1292446
2024-04-29,AAA,37.8709,37.9498,36.7041,36.8225,306294
2024-04-29,BBB,61.4625,62.7033,61.4499,62.3854,682161
2024-04-29,CCC,62.0759,64.5375,61.8639,64.2345,224708
2024-04-29,DDD,62.8826,63.1104,61.6163,61.8472,1403971
2024-04-29,EEE,89.6479,89.9746,88.3215,88.6599,367715
2024-04-30,AAA,36.6382,36.6456,36.1592,36.2103,779699
2024-04-30,BBB,62.6667,64.2557,62.5966,64.051,274121
2024-04-30,CCC,64.5602,65.1525,64.3676,65.0689,1150306
2024-04-30,DDD,62.0365,63.0164,61.9367,63.0065,1302741
2024-04-30,EEE,88.4487,90.2374,88.2448,89.623,1289827
2024-05-01,AAA,36.2862,36.6251,36.2799,36.4955,696022
2024-05-01,BBB,64.0698,64.2668,63.5396,63.7192,585943
2024-05-01,CCC,64.7412,65.0711,63.5087,63.6403,817359
2024-05-01,DDD,63.1899,63.401,62.1324,62.146,987087
2024-05-01,EEE,89.4484,90.5416,89.1988,89.9744,917572
2024-05-02,AAA,36.4266,36.7576,36.2662,36.6142,1496085
2024-05-02,BBB,63.3517,63.7751,63.0457,63.6499,1022777
2024-05-02,CCC,63.5073,64.1164,63.2229,63.9847,617909
2024-05-02,DDD,62.1328,62.1521,60.5933,60.8402,1043244
2024-05-02,EEE,90.185,92.1349,89.7141,91.8693,1018766
2024-05-03,AAA,36.7255,36.8973,36.5764,36.7701,504609
2024-05-03,BBB,63.6017,63.6882,62.4241,62.6259,736944
2024-05-03,CCC,63.753,63.9639,62.7733,63.0848,282522
2024-05-03,DDD,61.3045,61.5924,61.1383,61.2703,726037
2024-05-03,EEE,91.9859,96.0756,91.6786,95.766,916383
2024-05-06,AAA,36.799,36.9698,36.7051,36.7864,497893
2024-05-06,BBB,62.7528,63.9592,62.4803,63.9352,382661
2024-05-06,CCC,63.3214,63.412,62.2196,62.6362,973062
2024-05-06,DDD,61.0344,61.2582,59.9924,60.0715,1486349
2024-05-06,EEE,95.6594,95.6665,94.9602,95.0202,964853
2024-05-07,AAA,36.7473,37.2148,36.5761,37.1121,1262374
2024-05-07,BBB,63.7876,64.019,63.2722,63.4,1173518
2024-05-07,CCC,62.9691,63.0753,61.3457,61.7798,918135
2024-05-07,DDD,59.8264,60.3147,59.7759,60.1221,808527
2024-05-07,EEE,94.999,95.6201,94.0196,94.404,590439
2024-05-08,AAA,36.8921,36.9536,36.5711,36.6313,979821
2024-05-08,BBB,63.243,63.3497,62.7519,62.8694,465941
2024-05-08,CCC,61.6508,61.932,60.7254,61.037,1479652
2024-05-08,DDD,60.4589,60.6411,60.1357,60.2237,1081925
2024-05-08,EEE,94.9232,95.4218,93.1887,93.4744,921171
2024-05-09,AAA,36.5895,37.1818,36.4,37.0559,1262135
2024-05-09,BBB,63.0276,64.2848,62.5526,63.8747,384759
2024-05-09,CCC,61.0479,61.3868,60.8486,61.1108,1255979
2024-05-09,DDD,59.8999,60.3141,59.6496,60.085,1034490
2024-05-09,EEE,93.895,93.9901,92.629,92.9808,968407
2024-05-10,AAA,37.2566,37.3752,37.0723,37.1215,1286133
2024-05-10,BBB,63.5742,64.1343,63.4636,64.0417,1003081
2024-05-10,CCC,61.1683,61.5005,60.1724,60.5497,828797
2024-05-10,DDD,60.0207,60.1316,59.4046,59.6087,1486992
2024-05-10,EEE,93.0572,93.192,92.423,92.7775,509123
2024-05-13,AAA,36.9017,36.9985,36.8174,36.9533,311974
2024-05-13,BBB,63.7723,63.9452,63.2346,63.2705,1494836
2024-05-13,CCC,60.6193,61.6196,60.5183,61.3437,982137
2024-05-13,DDD,59.596,60.344,59.4907,60.0334,1396715
2024-05-13,EEE,92.2601,92.6662,91.7638,92.2468,1234654
2024-05-14,AAA,36.749,37.9556,36.7152,37.8124,1117074
2024-05-14,BBB,63.9815,64.1157,62.4263,62.6232,473525
2024-05-14,CCC,61.0373,61.2612,60.5661,60.7709,215449
2024-05-14,DDD,60.0306,60.746,59.5591,60.6024,940157
2024-05-14,EEE,91.892,92.1401,91.6838,91.856,375001
2024-05-15,AAA,37.7926,38.1513,37.609,38.1261,669926
2024-05-15,BBB,63.0505,63.3809,61.4535,61.6751,1407317
2024-05-15,CCC,60.9037,61.704,60.6532,61.4897,888935
2024-05-15,DDD,60.6746,60.7656,59.5506,59.9446,1280344
2024-05-15,EEE,92.5513,92.9153,90.1602,90.5355,495437
2024-05-16,AAA,37.963,38.0452,37.8166,37.981,301071
2024-05-16,BBB,61.3984,62.3159,61.1149,61.9489,829192
2024-05-16,CCC,61.3111,62.2122,61.0452,61.9804,1185190
2024-05-16,DDD,60.0675,60.2786,59.3017,59.4185,825782
2024-05-16,EEE,90.3859,92.1408,90.1633,91.8153,781577
2024-05-17,AAA,38.0309,38.1725,37.7791,37.9935,894463
2024-05-17,BBB,61.3451,62.1952,61.0767,62.131,915748
2024-05-17,CCC,61.9932,62.1019,61.4158,61.5356,1474988
2024-05-17,DDD,59.5111,60.3839,59.3375,60.1775,741423
2024-05-17,EEE,91.9408,92.8317,91.9094,92.6247,1315345
2024-05-20,AAA,38.1557,38.2448,37.2233,37.4189,577772
2024-05-20,BBB,61.7354,63.36,61.4248,63.1325,798183
2024-05-20,CCC,61.7979,63.0172,61.3688,62.7615,305866
2024-05-20,DDD,60.1917,60.5726,59.8072,60.4688,1384812
2024-05-20,EEE,91.9243,92.8601,91.4711,92.4887,199053
2024-05-21,AAA,37.3993,37.715,37.1412,37.5761,350724
2024-05-21,BBB,63.1305,63.3545,61.5415,61.6894,891149
2024-05-21,CCC,63.5226,63.6843,62.3254,62.545,278970
2024-05-21,DDD,60.5722,60.7151,59.0319,59.4192,1327162
2024-05-21,EEE,92.344,96.304,92.2719,96.1192,980341
2024-05-22,AAA,37.6002,37.7939,37.5432,37.5924,337367
2024-05-22,BBB,61.6087,61.7752,61.2331,61.348,1148175
2024-05-22,CCC,62.754,62.9951,62.3428,62.821,616392
2024-05-22,DDD,59.1887,59.4046,58.6539,58.6688,753685
2024-05-22,EEE,95.8073,96.5703,95.7156,96.315,1234965
2024-05-23,AAA,37.5885,37.8644,37.5384,37.7276,1288951
2024-05-23,BBB,61.3383,61.5766,60.7693,60.915,586644
2024-05-23,CCC,62.8889,63.0555,62.6476,62.981,569687
2024-05-23,DDD,58.1637,58.3662,58.0376,58.1539,1164303
2024-05-23,EEE,96.0181,97.9132,96.0041,97.6271,1282445
2024-05-24,AAA,37.5589,37.6372,36.6852,36.774,467269
2024-05-24,BBB,60.4469,61.1498,60.2656,60.9089,724181
2024-05-24,CCC,62.7854,63.3093,62.2401,62.3944,1035483
2024-05-24,DDD,57.8497,59.2789,57.7572,59.0078,604814
2024-05-24,EEE,97.6226,98.0092,96.5026,97.0732,391559
2024-05-27,AAA,36.9367,37.6546,36.8002,37.6141,958422
2024-05-27,BBB,61.143,61.1984,60.8035,60.8612,1137720
2024-05-27,CCC,62.2201,62.4003,60.8217,61.0717,499006
2024-05-27,DDD,59.1847,60.3903,59.1157,60.331,1249126
2024-05-27,EEE,97.4468,98.6727,97.0434,98.0947,712683
2024-05-28,AAA,37.642,37.8016,37.3838,37.4707,1106642
2024-05-28,BBB,60.9026,61.029,60.5133,60.7764,558697
2024-05-28,CCC,60.9142,61.8281,60.8382,61.6014,556021
2024-05-28,DDD,60.2901,60.6244,59.9068,59.997,606529
2024-05-28,EEE,98.5157,99.9886,98.5068,99.5608,678979
2024-05-29,AAA,37.2996,38.0484,36.9939,37.9341,1449538
2024-05-29,BBB,60.8941,61.5865,60.8201,61.4343,710613
2024-05-29,CCC,61.3753,61.4135,60.7048,61.0177,571176
2024-05-29,DDD,60.2261,60.5042,59.8223,59.9832,1396423
2024-05-29,EEE,99.4514,99.9048,97.8108,98.1009,1189426
2024-05-30,AAA,37.948,38.7319,37.8385,38.5714,856815
2024-05-30,BBB,61.5927,62.4075,61.3249,62.3301,1411472
2024-05-30,CCC,61.0273,62.0846,60.9954,61.8032,636108
2024-05-30,DDD,59.7297,59.9469,58.1638,58.3227,1367472
2024-05-30,EEE,98.5715,100.589,98.4802,100.0476,946494
2024-05-31,AAA,38.4511,38.6256,38.4012,38.4771,686782
2024-05-31,BBB,62.7188,63.0249,62.559,62.9464,948026
2024-05-31,CCC,61.847,62.7664,61.6144,62.5005,544227
2024-05-31,DDD,58.5651,58.6018,58.1476,58.2949,1109095
2024-05-31,EEE,99.8045,100.7302,99.5625,100.7001,1476173
2024-06-03,AAA,38.5795,38.9448,38.4355,38.7445,832266
2024-06-03,BBB,62.6651,63.1524,62.4045,62.9115,1233951
2024-06-03,CCC,62.3225,62.5799,60.8719,61.1398,1241281
2024-06-03,DDD,58.6287,58.9111,57.3797,57.5859,1036036
2024-06-03,EEE,101.5129,101.8534,100.5217,101.3216,1307474
2024-06-04,AAA,38.8148,38.9073,38.4079,38.5959,267833
2024-06-04,BBB,62.9668,63.1231,62.527,62.9017,1246217
2024-06-04,CCC,60.8998,60.9944,59.783,59.9199,1288968
2024-06-04,DDD,57.2406,59.2198,57.027,59.0436,752880
2024-06-04,EEE,101.3308,101.5326,100.8017,101.4878,1487813
2024-06-05,AAA,38.2885,38.4254,38.0692,38.425,1160354
2024-06-05,BBB,62.9045,63.2038,62.3393,62.3397,620285
2024-06-05,CCC,59.723,59.9124,58.6416,58.6791,627078
2024-06-05,DDD,58.7823,59.4749,58.4816,59.2155,231425
2024-06-05,EEE,102.008,102.5503,99.7873,100.3154,386464
2024-06-06,AAA,38.3144,38.8226,38.2022,38.8224,842302
2024-06-06,BBB,61.8315,62.0211,61.15,61.1967,413439
2024-06-06,CCC,58.9275,58.9509,58.3856,58.537,1090956
2024-06-06,DDD,58.7766,59.4259,58.5339,59.3626,776957
2024-06-06,EEE,100.2949,100.5838,99.1589,99.6137,319180
2024-06-07,AAA,38.8899,40.0096,38.7371,39.9345,1445126
2024-06-07,BBB,61.0397,61.8568,60.8931,61.6433,207925
2024-06-07,CCC,58.4027,58.7138,58.0086,58.1474,1117102
2024-06-07,DDD,59.6577,59.853,56.7913,56.8688,346638
2024-06-07,EEE,100.4006,100.8819,99.8276,100.0809,1329833
2024-06-10,AAA,39.887,40.0146,39.0597,39.1705,1070947
2024-06-10,BBB,61.7605,62.2022,61.596,62.1018,209347
2024-06-10,CCC,58.2472,59.1365,58.0165,59.0,225350
2024-06-10,DDD,56.7147,57.7201,56.5039,57.6265,718208
2024-06-10,EEE,100.7638,101.9965,100.2223,101.2878,665262
2024-06-11,AAA,39.2752,39.3806,39.0868,39.3168,455956
2024-06-11,BBB,61.7548,62.6074,61.7035,62.3387,1300405
2024-06-11,CCC,58.8706,59.9804,58.7012,59.7961,543838
2024-06-11,DDD,57.7094,59.1691,57.445,58.9378,780295
2024-06-11,EEE,101.5212,102.1657,100.4252,100.8151,1337187
2024-06-12,AAA,39.1642,40.1187,38.9421,40.0696,1039251
2024-06-12,BBB,62.594,63.6293,62.3866,63.4023,903569
2024-06-12,CCC,59.5508,60.6414,59.3167,60.3377,998623
2024-06-12,DDD,59.0896,59.1801,57.5222,57.7322,1310931
2024-06-12,EEE,100.8358,101.6651,100.566,101.4273,1271841
2024-06-13,AAA,39.9987,40.9693,39.8682,40.7286,366906
2024-06-13,BBB,63.3083,64.1009,63.008,63.8792,415757
2024-06-13,CCC,60.8769,61.6168,60.5205,61.3101,1131006
2024-06-13,DDD,57.7595,58.2566,57.5655,58.0739,551244
2024-06-13,EEE,101.33,104.417,101.2014,104.0938,698432
2024-06-14,AAA,40.9835,41.0768,40.7928,40.8385,502191
2024-06-14,BBB,63.7217,63.7607,63.2744,63.3296,1330034
2024-06-14,CCC,60.9026,61.3765,60.6888,61.3343,359021
2024-06-14,DDD,58.1775,58.7039,57.8118,58.5403,1202077
2024-06-14,EEE,104.6628,105.8196,104.3063,105.1624,661020
2024-06-17,AAA,40.5827,41.2193,40.5047,41.0438,1377376
2024-06-17,BBB,63.7878,64.2217,63.7717,63.8481,832163
2024-06-17,CCC,61.3189,61.5784,60.4942,60.4999,1424112
2024-06-17,DDD,58.6132,58.8404,56.9746,57.2661,1495920
2024-06-17,EEE,105.3845,105.7668,104.4513,104.7778,230457
2024-06-18,AAA,40.6508,41.6521,40.6356,41.5927,1289564
2024-06-18,BBB,64.2113,64.501,64.0056,64.3668,609519
2024-06-18,CCC,60.8653,60.917,59.7866,60.0713,1243810
2024-06-18,DDD,57.0604,57.5938,56.9436,57.4859,1228792
2024-06-18,EEE,104.9673,105.2204,104.6193,104.8831,1274796
2024-06-19,AAA,41.5629,41.8037,41.4515,41.6997,1293536
2024-06-19,BBB,64.0929,64.7255,64.0851,64.5063,759715
2024-06-19,CCC,60.335,60.7534,60.0443,60.4823,1416716
2024-06-19,DDD,57.6701,57.8603,56.7711,57.0895,1307975
2024-06-19,EEE,104.3778,109.3584,104.2645,109.3058,618787
2024-06-20,AAA,41.5315,41.9692,41.3519,41.7848,1409440
2024-06-20,BBB,64.7706,64.9707,64.7236,64.8776,1097217
2024-06-20,CCC,60.7517,60.8303,59.2495,59.4588,611328
2024-06-20,DDD,57.1962,57.4257,56.4047,56.7453,1187824
2024-06-20,EEE,109.6975,110.1563,108.6295,108.994,216721
2024-06-21,AAA,41.8344,42.3444,41.7161,42.0472,1294712
2024-06-21,BBB,64.7267,64.7333,64.3164,64.5686,504147
2024-06-21,CCC,59.5389,59.8935,59.521,59.815,196454
2024-06-21,DDD,56.9379,57.2848,56.0685,56.2643,631855
2024-06-21,EEE,108.8876,109.2099,107.6382,107.6563,421545
2024-06-24,AAA,41.9204,41.9596,41.854,41.8754,949450
2024-06-24,BBB,64.2908,64.4123,63.7773,64.107,983333
2024-06-24,CCC,59.8595,60.8182,59.6853,60.4977,944476
2024-06-24,DDD,56.4347,56.7021,55.7997,55.9273,760498
2024-06-24,EEE,107.1733,107.6586,105.1584,105.5268,334447
2024-06-25,AAA,41.7265,41.8458,41.4479,41.6005,838438
2024-06-25,BBB,64.2657,64.3093,63.7194,63.9153,1407036
2024-06-25,CCC,60.4081,61.4933,60.3051,61.2676,474407
2024-06-25,DDD,56.3502,57.083,56.1762,56.8282,928346
2024-06-25,EEE,104.9005,105.3544,102.0324,102.294,935969
2024-06-26,AAA,41.4731,41.8091,41.2873,41.6094,522100
2024-06-26,BBB,63.7951,64.2021,63.7033,63.9546,432688
2024-06-26,CCC,61.0527,62.7746,60.8565,62.6289,1244947
2024-06-26,DDD,56.9549,57.1125,56.4996,56.6911,1455820
2024-06-26,EEE,101.5479,104.6638,101.4238,104.1756,247416
2024-06-27,AAA,41.7006,41.8414,41.2624,41.2667,212766
2024-06-27,BBB,63.2083,64.6764,63.0127,64.3303,906427
2024-06-27,CCC,63.0328,63.16,62.6304,62.8686,565886
2024-06-27,DDD,56.4326,57.8266,56.2523,57.7034,988428
2024-06-27,EEE,103.2284,109.8783,103.1647,109.398,333754
2024-06-28,AAA,41.31,41.3596,41.0772,41.2165,1121795
2024-06-28,BBB,64.5941,64.7469,63.7271,63.7314,1115688
2024-06-28,CCC,62.8589,63.0081,60.3161,60.3984,361031
2024-06-28,DDD,57.6058,59.4333,57.4965,59.3344,343705
2024-06-28,EEE,109.3075,110.3723,109.1789,110.0137,1165116
2024-07-01,AAA,41.4223,41.9654,41.2679,41.8609,1475983
2024-07-01,BBB,63.2416,64.8385,63.0588,64.4994,279022
2024-07-01,CCC,60.3555,60.4911,60.0241,60.0742,958304
2024-07-01,DDD,59.0964,59.5965,56.4991,56.7364,633105
2024-07-01,EEE,110.5601,110.8013,107.3114,107.3323,441052
2024-07-02,AAA,41.6673,41.7678,40.5988,40.6336,277914
2024-07-02,BBB,64.3489,64.4111,63.1156,63.4157,1460396
2024-07-02,CCC,60.3052,60.3787,58.9874,59.0741,925697
2024-07-02,DDD,56.7269,56.9047,55.443,55.7044,203377
2024-07-02,EEE,107.3034,110.6918,106.7193,109.9425,993884
2024-07-03,AAA,40.4424,41.6464,40.302,41.5912,330617
2024-07-03,BBB,63.3133,63.394,61.5701,61.916,410745
2024-07-03,CCC,59.2557,60.5829,58.9234,60.4689,919991
2024-07-03,DDD,55.5841,56.1958,55.495,55.9399,477842
2024-07-03,EEE,109.9957,110.6615,109.2361,109.661,291985
2024-07-04,AAA,41.3879,42.5269,41.113,42.3787,1460867
2024-07-04,BBB,62.3133,62.4961,60.7077,60.7488,1216602
2024-07-04,CCC,60.713,60.7301,59.4859,59.7936,1089895
2024-07-04,DDD,55.5461,55.5534,54.917,54.9833,1394561
2024-07-04,EEE,109.5734,110.1572,108.9588,109.8388,792454
2024-07-05,AAA,42.0987,42.1646,42.0081,42.1462,1169978
2024-07-05,BBB,60.4391,60.6319,60.0041,60.0368,499043
2024-07-05,CCC,59.7417,59.9541,58.7664,58.8848,616019
2024-07-05,DDD,54.7196,55.335,54.6696,55.1537,439608
2024-07-05,EEE,109.5908,109.7982,108.9914,109.0128,180550
2024-07-08,AAA,42.2832,42.4304,41.843,41.866,499323
2024-07-08,BBB,59.9456,59.9819,58.1699,58.257,1312098
2024-07-08,CCC,58.7475,59.5458,58.5193,59.2944,660208
2024-07-08,DDD,55.0201,55.3524,54.5782,54.6751,1389078
2024-07-08,EEE,109.6662,109.9499,107.0989,107.5732,230534
2024-07-09,AAA,42.0794,42.1529,41.4874,41.5591,723280
2024-07-09,BBB,58.7233,58.9061,57.3207,57.5214,628451
2024-07-09,CCC,59.3303,59.5736,58.4611,58.8805,849568
2024-07-09,DDD,54.6658,54.7385,54.4147,54.572,1410389
2024-07-09,EEE,107.5037,108.6431,107.1423,108.4222,333972
2024-07-10,AAA,41.686,41.9753,41.6705,41.8124,1438162
2024-07-10,BBB,57.371,57.5678,56.065,56.1183,226571
2024-07-10,CCC,59.1104,60.1549,58.8721,59.6078,1058008
2024-07-10,DDD,54.6092,54.7472,53.7986,53.8584,1153577
2024-07-10,EEE,107.5011,108.0219,107.0575,107.432,1325996
2024-07-11,AAA,41.8517,41.8581,41.116,41.2767,244281
2024-07-11,BBB,56.054,56.1565,54.9843,55.1679,769234
2024-07-11,CCC,59.3673,60.2747,59.2493,60.1477,915018
2024-07-11,DDD,53.7619,54.2952,53.6096,54.1171,462935
2024-07-11,EEE,106.8004,107.1686,104.9845,105.6423,421798
2024-07-12,AAA,41.0649,41.2467,40.7183,40.8606,1378319
2024-07-12,BBB,55.1082,55.2475,54.5532,54.6369,355162
2024-07-12,CCC,60.1058,60.8436,59.7947,60.6449,497620
2024-07-12,DDD,54.1324,54.2275,53.267,53.3262,797879
2024-07-12,EEE,105.058,106.2242,104.754,105.8589,1145795
2024-07-15,AAA,40.7886,41.6832,40.6443,41.5559,489586
2024-07-15,BBB,54.6175,54.8523,54.3667,54.7352,242531
2024-07-15,CCC,60.4823,60.8011,60.1841,60.459,1465824
2024-07-15,DDD,53.4472,53.5333,52.5282,52.9541,288134
2024-07-15,EEE,104.5946,107.1962,104.4908,106.7595,610792
2024-07-16,AAA,41.6342,41.7147,41.1405,41.2302,986008
2024-07-16,BBB,54.668,54.8435,54.1478,54.4962,584095
2024-07-16,CCC,60.3833,60.5845,58.782,59.0511,876340
2024-07-16,DDD,53.2303,53.8188,52.8734,53.5729,394806
2024-07-16,EEE,106.6791,107.0868,104.1736,104.2029,903650
2024-07-17,AAA,40.8323,41.0864,40.3693,40.6989,1066528
2024-07-17,BBB,54.0835,55.1596,53.7509,54.9708,673307
2024-07-17,CCC,59.1893,59.4239,59.0915,59.2386,1281438
2024-07-17,DDD,53.4772,53.6974,51.2595,51.4293,600946
2024-07-17,EEE,104.2225,105.4838,104.114,105.3505,775690
2024-07-18,AAA,40.3836,40.581,40.2855,40.4847,905558
2024-07-18,BBB,55.0083,55.3523,54.8398,55.2485,1297889
2024-07-18,CCC,59.2431,59.4167,58.929,58.9745,1221382
2024-07-18,DDD,51.7011,51.8957,51.3225,51.5596,1498952
2024-07-18,EEE,104.7137,107.502,104.4342,106.9534,1300677
2024-07-19,AAA,40.5785,40.7428,39.9271,39.9276,1350255
2024-07-19,BBB,55.1845,55.3719,54.5321,54.6122,880182
2024-07-19,CCC,58.9081,59.1215,58.6739,58.9737,1049676
2024-07-19,DDD,51.8925,52.0586,50.5411,50.6299,427541
2024-07-19,EEE,106.8907,107.3425,103.8681,103.9021,1041141
2024-07-22,AAA,40.2554,40.39,40.153,40.2466,885102
2024-07-22,BBB,54.315,54.5204,53.748,53.9688,608501
2024-07-22,CCC,58.5897,58.7247,57.7729,58.0357,265451
2024-07-22,DDD,50.4984,50.5783,50.0553,50.077,1457310
2024-07-22,EEE,103.9391,104.7855,103.4496,104.6064,477129
2024-07-23,AAA,39.968,40.6626,39.8793,40.5277,360604
2024-07-23,BBB,53.9877,54.7823,53.793,54.5758,209394
2024-07-23,CCC,57.6949,58.7734,57.4922,58.6248,1302374
2024-07-23,DDD,49.9582,50.2187,49.6716,49.8504,1143180
2024-07-23,EEE,105.284,105.9031,104.664,105.0611,1487624
2024-07-24,AAA,40.4994,41.6725,40.4673,41.4101,643146
2024-07-24,BBB,54.4599,54.8644,54.3258,54.4399,663720
2024-07-24,CCC,58.7512,58.8197,58.5398,58.7236,1093410
2024-07-24,DDD,49.7022,50.1068,49.5172,49.969,1050793
2024-07-24,EEE,104.7939,105.0448,104.001,104.4279,1084792
2024-07-25,AAA,41.2662,41.6917,41.0423,41.5523,446612
2024-07-25,BBB,54.4947,54.6867,54.2089,54.6763,767317
2024-07-25,CCC,58.5344,59.4926,58.3935,59.3555,1400062
2024-07-25,DDD,50.1847,50.3361,49.5902,49.8187,744997
2024-07-25,EEE,105.319,105.8718,105.2862,105.5681,441915
2024-07-26,AAA,41.271,41.4969,41.2217,41.3742,1474273
2024-07-26,BBB,54.4333,54.8315,54.2019,54.5382,184157
2024-07-26,CCC,59.231,59.2879,58.5957,58.7916,761465
2024-07-26,DDD,49.4575,49.6324,49.1532,49.3729,675738
2024-07-26,EEE,105.8961,106.2011,102.6796,103.1701,887615
2024-07-29,AAA,41.0919,41.3267,40.929,41.3171,555593
2024-07-29,BBB,54.6819,55.8934,54.344,55.7273,813334
2024-07-29,CCC,58.8422,58.9095,56.6591,56.885,189352
2024-07-29,DDD,49.3041,49.6754,49.1018,49.6066,1109322
2024-07-29,EEE,103.1047,104.5777,102.8781,104.4174,821479
2024-07-30,AAA,40.8933,41.229,40.7483,41.0414,213013
2024-07-30,BBB,55.7211,55.864,55.4891,55.7703,191063
2024-07-30,CCC,56.8918,57.0303,55.6174,55.8187,1103077
2024-07-30,DDD,49.4953,50.1047,49.4342,49.8445,233575
2024-07-30,EEE,105.2483,105.5437,101.8535,102.2922,560835
2024-07-31,AAA,41.1787,41.331,40.063,40.3765,575185
2024-07-31,BBB,55.5941,55.89,55.435,55.7084,1407739
2024-07-31,CCC,55.4756,55.5771,55.374,55.5746,1178641
2024-07-31,DDD,50.0177,51.1047,49.8389,50.9883,1080622
2024-07-31,EEE,102.1965,102.7282,100.251,100.4478,374256
2024-08-01,AAA,40.4391,40.6721,40.2517,40.5639,1316476
2024-08-01,BBB,55.3805,55.6092,54.5498,54.6703,1318718
2024-08-01,CCC,55.4394,55.7597,55.304,55.5237,570172
2024-08-01,DDD,50.4283,51.0857,50.2822,51.0251,759231
2024-08-01,EEE,100.5102,100.9121,98.3063,98.9281,544412
2024-08-02,AAA,40.4793,41.2446,40.3967,41.157,808659
2024-08-02,BBB,54.9564,55.067,54.0251,54.2595,694654
2024-08-02,CCC,55.5739,55.7767,54.8897,55.2631,1417586
2024-08-02,DDD,51.2556,51.3764,51.0873,51.1326,740975
2024-08-02,EEE,99.2128,99.8981,99.1063,99.8288,385127
2024-08-05,AAA,41.4037,41.6176,41.3146,41.5311,1209002
2024-08-05,BBB,54.2841,54.527,53.7971,53.9089,790300
2024-08-05,CCC,55.2469,55.4597,54.5398,54.7014,301384
2024-08-05,DDD,51.0658,51.4378,50.9424,51.2999,225886
2024-08-05,EEE,99.2968,99.7527,97.6269,97.9777,927565
2024-08-06,AAA,41.6893,41.7519,41.3363,41.392,856806
2024-08-06,BBB,53.9725,54.234,52.9129,53.1425,419344
2024-08-06,CCC,54.5896,54.6361,53.4469,53.4712,1226787
2024-08-06,DDD,51.2202,51.3735,49.4225,49.4936,446228
2024-08-06,EEE,98.7833,98.903,93.1294,93.7957,852868
2024-08-07,AAA,41.0078,41.0518,40.9389,40.9868,528276
2024-08-07,BBB,52.9802,54.4105,52.9266,54.3974,253530
2024-08-07,CCC,53.2472,53.4691,52.6107,52.8327,675060
2024-08-07,DDD,49.6546,50.2279,49.5325,50.0825,908290
2024-08-07,EEE,93.4909,93.6223,91.1674,91.5082,1262346
2024-08-08,AAA,40.9466,41.5568,40.8285,41.5178,861235
2024-08-08,BBB,54.4196,54.72,54.1729,54.6788,934974
2024-08-08,CCC,52.44,52.7038,52.2409,52.598,909526
2024-08-08,DDD,50.0668,50.1981,49.7486,49.9236,547897
2024-08-08,EEE,91.0058,91.4203,89.4301,89.8274,477861
2024-08-09,AAA,41.3558,42.0735,41.1855,42.0239,827475
2024-08-09,BBB,54.9322,55.411,53.5365,53.7371,571604
2024-08-09,CCC,52.448,53.4347,52.4463,53.1634,1373075
2024-08-09,DDD,49.6779,50.4531,49.6533,50.4078,450649
2024-08-09,EEE,89.581,92.6413,89.5433,92.3239,742779
2024-08-12,AAA,42.0216,42.5201,41.9826,42.3336,700246
2024-08-12,BBB,53.348,53.4438,53.2795,53.323,1245166
2024-08-12,CCC,53.5187,53.8629,53.3625,53.649,923136
2024-08-12,DDD,50.5097,50.5235,50.1778,50.5164,764136
2024-08-12,EEE,92.4954,92.9611,90.9911,91.4467,229111
2024-08-13,AAA,42.298,42.3346,42.2926,42.3106,721377
2024-08-13,BBB,53.6903,53.8807,52.0541,52.2506,1269536
2024-08-13,CCC,53.215,53.3884,51.8387,51.9573,485063
2024-08-13,DDD,50.5504,50.7884,49.923,49.9742,938574
2024-08-13,EEE,91.8119,92.0793,89.892,90.1038,422941
2024-08-14,AAA,42.1376,42.2559,41.8941,42.1155,749351
2024-08-14,BBB,52.4522,52.6061,51.8538,52.0652,883889
2024-08-14,CCC,51.9813,52.2354,51.7934,51.9634,1126515
2024-08-14,DDD,50.5454,50.7275,49.7178,50.0286,1078169
2024-08-14,EEE,90.7318,91.0597,88.8897,89.1884,450230
2024-08-15,AAA,41.8633,41.9117,40.7035,40.946,1162006
2024-08-15,BBB,51.994,52.0037,51.8153,51.8649,623026
2024-08-15,CCC,51.9651,52.9618,51.6986,52.8155,219170
2024-08-15,DDD,50.1022,50.9053,49.8457,50.8533,1275604
2024-08-15,EEE,90.0611,90.5663,88.569,88.7072,306061
2024-08-16,AAA,40.7592,41.338,40.6004,41.3066,616571
2024-08-16,BBB,51.5981,51.9875,51.4377,51.8355,541556
2024-08-16,CCC,52.8948,55.0607,52.6806,54.8543,928584
2024-08-16,DDD,50.894,52.1127,50.776,51.9931,323951
2024-08-16,EEE,88.7589,88.9007,87.9543,88.2967,1348088
2024-08-19,AAA,41.3973,41.5059,41.172,41.319,298563
2024-08-19,BBB,51.6458,51.8428,50.1254,50.3153,478256
2024-08-19,CCC,55.0282,56.2638,54.7087,56.252,768405
2024-08-19,DDD,51.9438,52.6521,51.8763,52.4199,255715
2024-08-19,EEE,87.8327,90.3093,87.6541,90.2421,402784
2024-08-20,AAA,41.4523,41.6981,41.3904,41.6881,192222
2024-08-20,BBB,50.5211,50.7512,50.2121,50.3535,446790
2024-08-20,CCC,55.9642,56.5195,55.8692,56.2914,1392960
2024-08-20,DDD,52.4265,52.5473,51.9947,52.2799,471560
2024-08-20,EEE,90.6037,93.4741,90.3798,93.0194,217052
2024-08-21,AAA,41.8861,42.213,41.856,42.1725,832060
2024-08-21,BBB,50.2268,50.4245,49.8123,49.9817,1148110
2024-08-21,CCC,56.2274,56.7111,55.8358,56.3253,966378
2024-08-21,DDD,52.3453,52.5095,51.5236,51.5295,1486362
2024-08-21,EEE,92.4792,92.9037,92.111,92.4816,432632
2024-08-22,AAA,42.4758,42.7986,42.3799,42.6267,186258
2024-08-22,BBB,50.1454,50.3054,49.774,50.0025,1294439
2024-08-22,CCC,56.2412,56.6243,56.1094,56.3307,682841
2024-08-22,DDD,51.9378,52.1538,51.433,51.4562,935255
2024-08-22,EEE,92.4036,93.2299,92.095,92.9773,1169897
2024-08-23,AAA,42.6287,42.7311,42.1119,42.1528,1458105
2024-08-23,BBB,49.8415,50.5346,49.5382,50.5035,768057
2024-08-23,CCC,56.5512,56.66,55.7897,55.9533,214433
2024-08-23,DDD,51.6071,51.752,48.7144,48.9731,1330980
2024-08-23,EEE,92.4305,94.6138,92.157,94.1926,458255
2024-08-26,AAA,42.3444,43.0888,42.1449,43.039,976520
2024-08-26,BBB,50.3593,50.5881,49.1919,49.3122,1196519
2024-08-26,CCC,56.3877,56.711,56.0537,56.4602,804987
2024-08-26,DDD,49.1389,49.2555,49.0333,49.152,607653
2024-08-26,EEE,94.1412,94.6962,90.3605,90.9379,1458492
2024-08-27,AAA,43.1152,43.5905,42.931,43.3521,1019138
2024-08-27,BBB,49.5885,49.6334,48.8512,48.9199,1172591
2024-08-27,CCC,56.5136,56.5765,55.6044,55.7462,1146954
2024-08-27,DDD,49.2587,49.4051,48.8491,49.092,430869
2024-08-27,EEE,91.6516,91.9186,90.8976,91.3458,597308
2024-08-28,AAA,43.4112,43.6909,43.2737,43.6661,599279
2024-08-28,BBB,49.017,49.3414,48.8505,49.1046,544219
2024-08-28,CCC,55.4312,55.8017,55.4181,55.7811,898209
2024-08-28,DDD,49.4802,49.5688,47.9457,48.0352,630586
2024-08-28,EEE,91.0983,91.2004,89.9797,90.4841,1241932
2024-08-29,AAA,43.4426,43.719,43.0772,43.3572,1270254
2024-08-29,BBB,49.0537,49.5074,48.8959,49.3531,1316661
2024-08-29,CCC,56.2416,56.5636,56.0758,56.1203,786560
2024-08-29,DDD,48.0481,48.1551,47.7689,47.911,818859
2024-08-29,EEE,90.194,90.2518,89.2148,89.4466,770165
2024-08-30,AAA,43.5914,43.7232,43.3246,43.4726,598642
2024-08-30,BBB,49.4627,49.9384,49.3944,49.7846,1359740
2024-08-30,CCC,55.7734,56.9471,55.4839,56.8111,1320060
2024-08-30,DDD,47.4592,48.2842,47.3308,47.96,1012957
2024-08-30,EEE,88.8524,92.5473,88.7696,92.3358,1300172
2024-09-02,AAA,43.5417,43.6775,42.8679,42.8848,529784
2024-09-02,BBB,49.7791,49.9476,49.3948,49.7637,983068
2024-09-02,CCC,56.5136,57.4449,56.4416,57.2034,745085
2024-09-02,DDD,47.6956,48.4003,47.6166,48.3009,1010424
2024-09-02,EEE,92.4416,93.8469,92.1509,93.6851,267011
2024-09-03,AAA,43.1932,43.4,42.6972,42.8266,185290
2024-09-03,BBB,49.9764,50.1361,49.5886,49.9722,926843
2024-09-03,CCC,57.2076,58.1853,56.9343,58.069,858901
2024-09-03,DDD,48.4474,48.5297,47.6991,47.7992,1478643
2024-09-03,EEE,93.8901,96.409,93.671,95.9924,881579
2024-09-04,AAA,42.8342,43.0487,42.7984,42.9373,420706
2024-09-04,BBB,50.037,50.1072,49.5476,49.6617,1403085
2024-09-04,CCC,58.3733,59.0943,58.0719,58.815,926474
2024-09-04,DDD,48.0447,48.0821,47.5291,47.5467,996245
2024-09-04,EEE,96.7923,97.3394,95.7081,95.7746,674696
2024-09-05,AAA,42.7226,42.8945,42.3749,42.5357,540607
2024-09-05,BBB,49.725,50.4202,49.5853,50.1435,874927
2024-09-05,CCC,58.836,59.1355,58.8022,58.9866,1285106
2024-09-05,DDD,47.3923,47.4032,46.6235,46.695,494041
2024-09-05,EEE,96.4301,96.7665,93.6811,93.8185,423258
2024-09-06,AAA,42.5149,42.7271,41.3938,41.6067,1298556
2024-09-06,BBB,50.6858,50.8778,49.7839,49.8618,523503
2024-09-06,CCC,58.92,59.1252,57.8085,58.1505,737347
2024-09-06,DDD,46.5048,46.756,45.037,45.2091,1105917
2024-09-06,EEE,92.84,93.835,92.5547,93.7572,530003
2024-09-09,AAA,41.4661,41.6442,41.3131,41.6095,1333532
2024-09-09,BBB,50.0485,50.1622,49.0258,49.1859,257680
2024-09-09,CCC,58.4015,59.0704,58.1569,58.9209,518812
2024-09-09,DDD,44.9313,44.9638,44.3272,44.4568,389974
2024-09-09,EEE,93.6142,94.0841,90.7237,90.7325,744199
2024-09-10,AAA,41.8238,42.0413,41.668,41.7823,1127250
2024-09-10,BBB,49.3298,49.3943,49.0397,49.0813,524832
2024-09-10,CCC,59.2325,59.4855,58.6366,58.6729,1489792
2024-09-10,DDD,44.6172,45.1562,44.5492,44.9646,936800
2024-09-10,EEE,90.7564,91.541,90.5259,90.9563,1337943
2024-09-11,AAA,41.8186,41.9271,41.5288,41.6056,1478110
2024-09-11,BBB,49.1466,49.4692,48.9326,49.401,1361041
2024-09-11,CCC,58.6303,60.2134,58.3904,59.9797,695389
2024-09-11,DDD,44.9284,45.2462,44.6525,44.6759,1007184
2024-09-11,EEE,90.4737,92.327,90.2848,92.0914,1022059
2024-09-12,AAA,41.5217,41.7879,41.3713,41.7152,1047783
2024-09-12,BBB,49.2979,49.3527,48.5853,48.859,519492
2024-09-12,CCC,60.1023,60.115,58.958,59.0613,807733
2024-09-12,DDD,44.8924,44.8955,44.371,44.4472,578664
2024-09-12,EEE,92.4039,92.7835,91.6383,91.7762,315489
2024-09-13,AAA,41.7608,41.8508,41.6757,41.8207,701409
2024-09-13,BBB,49.1028,49.604,49.0822,49.1798,816736
2024-09-13,CCC,58.9893,59.5399,58.8195,59.309,1496931
2024-09-13,DDD,44.1634,44.4125,43.9721,44.2272,1386486
2024-09-13,EEE,91.471,94.1635,91.2319,93.8547,850514
2024-09-16,AAA,41.6263,42.5779,41.5962,42.5255,1030653
2024-09-16,BBB,49.0586,49.1223,48.6027,48.6438,1153407
2024-09-16,CCC,59.4648,59.5567,59.0894,59.272,840786
2024-09-16,DDD,44.0732,44.6348,44.0203,44.4937,447226
2024-09-16,EEE,93.2425,94.1926,93.1072,93.6474,489739
2024-09-17,AAA,42.5055,42.7551,42.4058,42.5243,1339442
2024-09-17,BBB,48.709,48.8601,47.6218,47.8112,729333
2024-09-17,CCC,59.0538,59.4162,57.6906,57.9088,369019
2024-09-17,DDD,44.5107,45.8884,44.3611,45.8597,1393603
2024-09-17,EEE,93.4131,93.92,92.1421,92.604,451480
2024-09-18,AAA,42.7899,42.8217,42.6136,42.7093,1103326
2024-09-18,BBB,47.9265,48.1729,47.5794,48.0646,956722
2024-09-18,CCC,57.552,57.7118,56.4418,56.7895,938475
2024-09-18,DDD,45.6398,45.6816,44.7617,44.8564,1446538
2024-09-18,EEE,92.8859,93.111,92.5252,92.802,513145
2024-09-19,AAA,42.6536,42.9033,41.952,42.2339,1322555
2024-09-19,BBB,47.8719,47.8949,46.6963,46.8384,1045206
2024-09-19,CCC,56.8694,58.011,56.8507,57.7832,1096783
2024-09-19,DDD,44.9503,45.2101,44.8641,45.1738,801916
2024-09-19,EEE,92.5446,94.5945,92.3255,94.0331,564635
2024-09-20,AAA,42.5557,42.6864,41.7731,42.0467,1409274
2024-09-20,BBB,46.7506,47.0789,46.5119,46.7033,796960
2024-09-20,CCC,57.7057,58.7718,57.6266,58.4953,711644
2024-09-20,DDD,45.0603,45.3965,44.8853,45.2859,1043028
2024-09-20,EEE,94.3184,94.6059,93.7252,93.9511,369100
2024-09-23,AAA,42.1082,42.5022,41.8981,42.096,1351593
2024-09-23,BBB,46.5167,46.6597,45.9231,46.0773,571866
2024-09-23,CCC,58.4593,58.9606,58.3151,58.7368,1062345
2024-09-23,DDD,45.5744,45.6954,45.1239,45.367,1201711
2024-09-23,EEE,93.702,95.4435,93.4189,95.1819,349459
2024-09-24,AAA,42.2592,42.3554,41.6376,41.7219,269340
2024-09-24,BBB,46.0441,46.1835,44.7901,44.9055,502711
2024-09-24,CCC,59.114,59.4154,58.0701,58.1561,1201284
2024-09-24,DDD,45.1007,45.7114,45.0406,45.675,264773
2024-09-24,EEE,95.1439,97.0221,94.8883,96.3844,787341
2024-09-25,AAA,41.7684,41.8949,41.5675,41.7208,439699
2024-09-25,BBB,44.8737,45.0165,44.3447,44.5321,635906
2024-09-25,CCC,57.8805,58.1738,57.4814,57.5049,728702
2024-09-25,DDD,45.7873,46.0396,45.3754,45.5401,564467
2024-09-25,EEE,95.8768,96.0939,95.6909,96.005,1227021
2024-09-26,AAA,41.3975,42.0985,41.3546,41.9168,441620
2024-09-26,BBB,44.4797,45.1941,44.3073,45.1,644149
2024-09-26,CCC,57.4468,58.3551,57.2273,58.2051,330109
2024-09-26,DDD,45.1608,45.3047,45.023,45.1628,606734
2024-09-26,EEE,95.9923,97.8328,95.4688,97.6345,335542
2024-09-27,AAA,41.9309,41.9986,41.6755,41.8707,310580
2024-09-27,BBB,45.2426,45.4669,44.5367,44.7868,257508
2024-09-27,CCC,58.3722,58.5605,57.4571,57.4851,1256900
2024-09-27,DDD,45.3869,46.73,45.3381,46.5174,1018210
2024-09-27,EEE,97.3013,99.6783,96.6565,99.4784,1136000
2024-09-30,AAA,41.8025,41.879,41.0599,41.1796,348918
2024-09-30,BBB,44.6316,45.9025,44.4967,45.7639,219350
2024-09-30,CCC,57.8028,58.17,57.0483,57.3024,1424557
2024-09-30,DDD,46.4997,46.5671,45.9006,46.085,1211493
2024-09-30,EEE,99.372,100.1854,98.8736,99.7429,866977
2024-10-01,AAA,41.2989,41.428,40.6332,40.665,239628
2024-10-01,BBB,45.492,45.6369,45.2519,45.3182,850133
2024-10-01,CCC,57.4975,57.9068,57.2347,57.6502,457454
2024-10-01,DDD,46.3056,46.454,45.2382,45.259,872729
2024-10-01,EEE,100.1126,100.1806,99.671,99.9734,885257
2024-10-02,AAA,40.663,40.7671,39.5822,39.693,578147
2024-10-02,BBB,45.1742,45.3462,45.0176,45.3099,310730
2024-10-02,CCC,57.6335,58.0005,57.5876,57.8973,1386721
2024-10-02,DDD,45.3099,45.5339,45.0467,45.1517,411430
2024-10-02,EEE,99.5801,99.7667,97.6831,98.0709,725604
2024-10-03,AAA,39.8435,39.8745,39.7585,39.7846,1337258
2024-10-03,BBB,45.7061,45.8686,45.4112,45.5922,914171
2024-10-03,CCC,58.0264,58.0452,57.7529,58.0017,1379016
2024-10-03,DDD,44.9142,45.2139,44.6786,45.2062,597427
2024-10-03,EEE,98.0911,98.1604,96.5618,96.9357,1213372
2024-10-04,AAA,39.8306,40.0492,39.1628,39.2467,741213
2024-10-04,BBB,45.3575,45.6372,44.8425,44.8943,1093000
2024-10-04,CCC,58.0199,59.7952,57.81,59.6237,1345718
2024-10-04,DDD,45.2646,46.2201,45.0331,45.9448,1358803
2024-10-04,EEE,96.905,98.8299,96.5419,98.5742,597956
2024-10-07,AAA,39.1159,39.1896,38.3446,38.4285,308010
2024-10-07,BBB,44.8781,44.9317,44.706,44.8131,303529
2024-10-07,CCC,59.6721,59.7557,58.6096,58.7215,655111
2024-10-07,DDD,46.263,46.4515,45.1425,45.2433,736628
2024-10-07,EEE,99.7972,100.0721,99.0283,99.3025,323998
2024-10-08,AAA,38.3806,38.6809,38.3173,38.4847,871717
2024-10-08,BBB,44.6686,45.5435,44.4504,45.5338,980577
2024-10-08,CCC,59.038,59.4278,58.4872,58.716,1338008
2024-10-08,DDD,45.2898,45.3053,44.5837,44.7807,917348
2024-10-08,EEE,99.9561,101.0014,99.825,100.5039,1103167
2024-10-09,AAA,38.2483,38.8908,38.1257,38.7443,1150370
2024-10-09,BBB,45.2456,45.314,45.0405,45.171,574845
2024-10-09,CCC,58.6156,60.9133,58.5833,60.8003,250401
2024-10-09,DDD,44.6873,45.132,44.6209,45.0207,402576
2024-10-09,EEE,100.7541,104.7321,100.395,104.6598,1382368
2024-10-10,AAA,38.9905,39.0589,38.4389,38.7145,487439
2024-10-10,BBB,44.9837,45.9899,44.7881,45.8601,496942
2024-10-10,CCC,61.0358,62.5111,61.0223,62.0251,979834
2024-10-10,DDD,45.3609,45.6227,44.7363,44.9028,498357
2024-10-10,EEE,105.1759,105.2903,102.2133,102.5361,328845
2024-10-11,AAA,38.7254,38.7582,38.1029,38.16,1362881
2024-10-11,BBB,45.6432,46.6513,45.4837,46.481,821579
2024-10-11,CCC,62.2251,62.2435,61.7545,62.1233,991978
2024-10-11,DDD,45.1058,45.5234,44.9774,45.4624,844193
2024-10-11,EEE,103.1457,103.4765,101.4689,101.6602,569813
2024-10-14,AAA,38.2448,38.4473,38.0545,38.38,357000
2024-10-14,BBB,46.5834,47.2237,46.5168,47.141,697666
2024-10-14,CCC,62.1136,63.1142,62.0223,62.8446,962236
2024-10-14,DDD,45.6667,45.9923,44.0712,44.2109,319703
2024-10-14,EEE,100.899,100.9492,99.4959,99.8177,300792
2024-10-15,AAA,38.4612,39.3036,38.4319,39.0798,1303761
2024-10-15,BBB,47.2311,47.4473,46.8279,47.0262,687782
2024-10-15,CCC,62.3788,62.7696,62.0431,62.4745,242547
2024-10-15,DDD,44.051,44.6805,43.8637,44.6058,641998
2024-10-15,EEE,100.4448,100.602,98.693,98.9427,1120990
2024-10-16,AAA,38.9443,39.096,38.872,38.9698,613493
2024-10-16,BBB,46.6789,46.9979,46.5,46.8999,1437901
2024-10-16,CCC,62.5616,62.716,61.6723,61.8986,1256283
2024-10-16,DDD,44.5188,44.8434,44.374,44.7672,1482505
2024-10-16,EEE,99.3349,100.0496,97.2025,97.2535,1234683
2024-10-17,AAA,38.9434,40.0417,38.8446,39.889,863313
2024-10-17,BBB,47.0703,47.4434,46.9231,47.2895,268410
2024-10-17,CCC,62.1591,62.3376,60.7393,61.1702,759526
2024-10-17,DDD,44.7077,44.8722,43.8971,44.0134,729533
2024-10-17,EEE,96.6906,99.6512,96.1643,99.241,710006
2024-10-18,AAA,39.8899,40.1208,39.6773,39.9651,1281276
2024-10-18,BBB,47.6463,47.7371,46.4635,46.5085,1278433
2024-10-18,CCC,60.9436,61.5806,60.6839,61.2465,721778
2024-10-18,DDD,44.1876,44.297,42.9807,43.0714,199707
2024-10-18,EEE,99.4594,100.1081,98.6996,99.3851,1097116
2024-10-21,AAA,40.0594,40.1816,39.9462,40.1536,1438231
2024-10-21,BBB,46.7141,46.8801,46.339,46.5212,946178
2024-10-21,CCC,61.0866,62.4752,60.9243,62.3042,1238378
2024-10-21,DDD,43.1682,43.395,43.0906,43.1585,1089982
2024-10-21,EEE,99.0193,99.5099,98.5331,98.5584,1179732
2024-10-22,AAA,40.2926,40.7859,40.1003,40.6468,1388360
2024-10-22,BBB,46.651,47.0986,46.4205,46.7454,1042523
2024-10-22,CCC,62.2385,62.5915,61.003,61.2157,1308649
2024-10-22,DDD,43.1923,43.5481,42.8986,43.5296,468787
2024-10-22,EEE,98.5988,98.7955,97.8303,98.1798,537467
2024-10-23,AAA,40.6938,41.3674,40.5444,41.2729,982730
2024-10-23,BBB,46.9589,47.2757,46.858,47.0215,271264
2024-10-23,CCC,61.6233,61.7971,59.8169,59.919,1449689
2024-10-23,DDD,43.5975,43.9504,43.5099,43.7949,774712
2024-10-23,EEE,98.0088,98.5018,97.6674,98.0084,1488260
2024-10-24,AAA,41.3361,41.5137,39.8449,39.8627,1287759
2024-10-24,BBB,47.196,48.1272,47.1252,47.7383,279463
2024-10-24,CCC,59.565,60.0743,59.4331,59.7251,1143438
2024-10-24,DDD,43.5215,44.4567,43.44,44.3295,289782
2024-10-24,EEE,98.073,100.5361,98.0173,100.2851,422331
2024-10-25,AAA,39.6774,40.1942,39.4496,40.131,381797
2024-10-25,BBB,47.6447,47.7029,47.433,47.5531,297385
2024-10-25,CCC,60.0667,60.2777,59.5227,59.8042,1466950
2024-10-25,DDD,44.5206,44.709,44.3175,44.6058,334048
2024-10-25,EEE,100.4372,100.4649,96.8231,97.3596,673799
2024-10-28,AAA,40.4911,40.6124,39.7856,39.938,1272075
2024-10-28,BBB,47.6234,47.7193,46.9643,47.2892,216987
2024-10-28,CCC,59.9533,60.6655,59.8013,60.4421,199133
2024-10-28,DDD,44.4465,44.741,44.3398,44.6301,522747
2024-10-28,EEE,97.2645,97.5541,96.8517,97.4262,510508
2024-10-29,AAA,39.7779,40.1521,39.6614,40.0408,459780
2024-10-29,BBB,47.3386,48.3113,47.1702,48.0876,840872
2024-10-29,CCC,60.4432,60.6263,59.4837,59.7109,298980
2024-10-29,DDD,44.672,44.9162,44.6585,44.908,911673
2024-10-29,EEE,97.8893,98.2524,95.667,95.9097,241573
2024-10-30,AAA,39.9998,40.0604,39.2339,39.4251,1233200
2024-10-30,BBB,48.0983,49.1435,47.9188,48.9481,1187433
2024-10-30,CCC,59.7861,59.9453,59.378,59.3877,388720
2024-10-30,DDD,44.7616,45.348,44.5574,45.1851,1050383
2024-10-30,EEE,95.9131,97.2782,95.7821,96.9132,1020589
2024-10-31,AAA,39.4083,39.5441,39.1642,39.3307,350319
2024-10-31,BBB,49.3855,49.507,49.0217,49.2106,527578
2024-10-31,CCC,58.9757,59.1688,58.2757,58.5083,1171732
2024-10-31,DDD,45.4878,45.6562,44.1238,44.2194,469745
2024-10-31,EEE,97.5164,97.7721,95.5907,96.0338,1145775
2024-11-01,AAA,39.1668,39.3709,38.8136,38.8982,1048867
2024-11-01,BBB,49.4351,50.1715,49.3478,50.0202,233719
2024-11-01,CCC,58.6411,59.0259,58.6248,58.9749,713138
2024-11-01,DDD,44.1291,44.1564,43.3833,43.5911,920377
2024-11-01,EEE,96.4743,97.3093,95.9774,97.1812,369774
2024-11-04,AAA,38.9703,39.1467,38.8355,39.1443,971597
2024-11-04,BBB,50.3143,50.4823,48.3391,48.582,377922
2024-11-04,CCC,59.119,59.2151,57.9619,58.1456,296675
2024-11-04,DDD,43.5212,44.3378,43.4278,44.2974,601039
2024-11-04,EEE,97.0806,98.041,96.891,97.741,1499326
2024-11-05,AAA,39.2029,39.6975,39.1954,39.5289,562355
2024-11-05,BBB,48.2803,48.4503,47.8763,48.0171,329848
2024-11-05,CCC,58.2762,58.467,57.5437,57.665,668863
2024-11-05,DDD,44.276,44.3937,42.3471,42.5449,372466
2024-11-05,EEE,98.4101,98.5077,97.1103,97.2188,841741
2024-11-06,AAA,39.4526,39.6397,39.19,39.4249,1358083
2024-11-06,BBB,48.5486,48.7753,47.8296,48.0747,242370
2024-11-06,CCC,57.3853,58.1391,56.9117,57.9158,1448863
2024-11-06,DDD,42.6845,43.516,42.561,43.2778,296112
2024-11-06,EEE,98.0434,98.4159,97.7245,98.2097,772266
2024-11-07,AAA,39.6323,40.4254,39.4854,40.3133,377360
2024-11-07,BBB,48.3592,48.7343,48.3056,48.607,920759
2024-11-07,CCC,58.0822,59.2123,58.0312,59.0453,1052150
2024-11-07,DDD,43.0231,44.1218,42.9604,43.9274,1471213
2024-11-07,EEE,98.266,98.3199,96.7665,97.1912,1126321
2024-11-08,AAA,40.3343,40.6,40.2181,40.4122,1130112
2024-11-08,BBB,48.4184,49.2548,48.3402,49.1248,194433
2024-11-08,CCC,58.8588,60.2374,58.7017,60.1411,292166
2024-11-08,DDD,43.9283,43.9877,43.0159,43.1779,1488384
2024-11-08,EEE,97.0395,97.2387,96.6071,97.1211,863749
2024-11-11,AAA,40.3452,40.5174,39.9784,40.0989,1271948
2024-11-11,BBB,49.272,50.3045,49.063,50.0889,1093108
2024-11-11,CCC,59.846,60.0195,59.2108,59.283,999172
2024-11-11,DDD,42.8105,43.0564,41.7962,41.9981,1026163
2024-11-11,EEE,97.32,98.0157,94.7516,95.3208,291246
2024-11-12,AAA,40.0388,40.6441,39.8884,40.4615,301075
2024-11-12,BBB,49.8515,50.2915,49.6869,50.2226,1174056
2024-11-12,CCC,59.4069,59.5575,58.5151,58.6702,1101550
2024-11-12,DDD,42.1694,42.3312,41.8494,41.9878,1125691
2024-11-12,EEE,95.4815,95.7545,94.5022,94.5212,1288634
2024-11-13,AAA,40.6949,40.7762,39.89,39.9024,1171644
2024-11-13,BBB,50.4655,50.7755,50.1294,50.4391,1379384
2024-11-13,CCC,58.6369,59.3404,58.4058,59.1957,1031076
2024-11-13,DDD,41.8651,42.7998,41.741,42.6692,1462597
2024-11-13,EEE,94.5175,95.7724,94.2818,95.1229,803296
2024-11-14,AAA,39.9107,40.0086,39.3616,39.4534,505618
2024-11-14,BBB,50.536,50.9435,49.9139,50.2132,1466459
2024-11-14,CCC,59.2148,59.2999,59.0338,59.1094,728171
2024-11-14,DDD,42.6816,42.8126,42.3728,42.4111,877375
2024-11-14,EEE,94.7317,95.1526,92.7318,93.2134,645609
2024-11-15,AAA,39.507,39.9307,39.3561,39.7862,1447965
2024-11-15,BBB,50.1353,51.0118,49.9058,50.9489,1187164
2024-11-15,CCC,59.2146,60.0151,59.0037,59.7813,1220607
2024-11-15,DDD,42.2455,43.0227,42.1437,42.9127,775829
2024-11-15,EEE,93.2224,93.2445,91.5621,91.8042,568430
2024-11-18,AAA,39.7282,39.7823,38.7003,38.8196,895544
2024-11-18,BBB,50.9255,51.2405,50.6797,50.7961,343473
2024-11-18,CCC,60.0049,60.6913,59.837,60.4,1011052
2024-11-18,DDD,43.0657,43.1365,41.3141,41.5401,1361291
2024-11-18,EEE,91.7128,91.7807,91.0284,91.1837,1103092
2024-11-19,AAA,38.982,39.1915,38.7239,38.8563,761296
2024-11-19,BBB,50.8986,50.9801,49.0386,49.1904,525975
2024-11-19,CCC,60.4552,61.8719,60.2398,61.6091,1488137
2024-11-19,DDD,41.532,41.8155,41.133,41.2338,534281
2024-11-19,EEE,91.2103,93.8602,90.9941,93.7669,644814
2024-11-20,AAA,38.7742,39.2386,38.5814,39.1213,1084764
2024-11-20,BBB,49.3459,49.3492,48.9239,49.0203,1179701
2024-11-20,CCC,61.782,62.3189,60.8742,61.0115,744714
2024-11-20,DDD,41.3024,41.432,41.056,41.2497,634746
2024-11-20,EEE,94.2771,94.5331,91.6384,92.2641,1263371
2024-11-21,AAA,39.2474,39.4183,38.8562,38.8986,1310729
2024-11-21,BBB,48.8999,49.4719,48.6878,49.4611,724701
2024-11-21,CCC,60.9026,61.2324,60.5318,61.1087,665219
2024-11-21,DDD,41.0874,41.1582,40.6867,40.8173,1478249
2024-11-21,EEE,92.2508,92.6458,91.9257,92.1418,613906
2024-11-22,AAA,38.9145,39.3215,38.8646,39.2636,898803
2024-11-22,BBB,49.0732,49.6552,49.0575,49.4371,757009
2024-11-22,CCC,60.7207,60.83,60.6954,60.7398,899377
2024-11-22,DDD,41.0303,41.2873,40.9675,41.244,248757
2024-11-22,EEE,92.6895,93.1464,92.0206,92.088,858082
2024-11-25,AAA,39.3488,39.3917,38.8982,39.0495,207592
2024-11-25,BBB,49.2616,49.6743,49.1574,49.6405,816306
2024-11-25,CCC,61.42,61.5592,61.2931,61.3135,556877
2024-11-25,DDD,41.579,41.7291,40.1875,40.3472,941933
2024-11-25,EEE,91.9914,94.0485,91.6792,93.9366,906266
2024-11-26,AAA,39.0667,39.3749,38.9834,38.993,1163388
2024-11-26,BBB,49.7574,49.8623,48.9856,49.2298,713644
2024-11-26,CCC,61.6322,61.7823,60.6209,60.7263,563208
2024-11-26,DDD,40.4294,40.5303,40.1307,40.3385,772325
2024-11-26,EEE,94.0646,96.5961,93.613,96.2677,203001
2024-11-27,AAA,39.0163,39.8726,38.89,39.7207,789545
2024-11-27,BBB,49.0924,49.4773,49.0779,49.4146,318072
2024-11-27,CCC,60.9104,61.0654,60.4898,60.6115,273187
2024-11-27,DDD,40.1857,41.7691,40.1356,41.7292,745716
2024-11-27,EEE,96.5694,98.5423,96.1622,97.9703,582013
2024-11-28,AAA,39.9517,40.0351,39.4783,39.6872,953469
2024-11-28,BBB,48.9458,49.2867,48.8871,49.1918,540566
2024-11-28,CCC,60.3031,60.7546,60.2685,60.5249,982730
2024-11-28,DDD,41.7066,42.5036,41.6496,42.3733,814278
2024-11-28,EEE,97.9347,100.2388,97.3037,99.9323,193340
2024-11-29,AAA,39.6776,39.7116,39.2659,39.42,357279
2024-11-29,BBB,48.8567,50.2102,48.6017,50.2044,681596
2024-11-29,CCC,60.7088,60.9277,59.9333,60.1849,1296926
2024-11-29,DDD,42.3089,43.037,42.1305,42.9306,612479
2024-11-29,EEE,99.929,102.7602,99.3368,102.5456,1421571
2024-12-02,AAA,39.389,39.4532,39.2889,39.4228,1287709
2024-12-02,BBB,50.0774,50.2894,49.6409,49.7232,963362
2024-12-02,CCC,60.4075,61.4449,60.1143,61.2067,696068
2024-12-02,DDD,42.9324,43.1295,42.5015,42.7707,714635
2024-12-02,EEE,102.4136,103.4616,102.1108,103.0839,503250
2024-12-03,AAA,39.2789,39.4145,38.4905,38.7087,709427
2024-12-03,BBB,49.6673,49.9703,48.4218,48.5251,1213258
2024-12-03,CCC,61.0991,61.9057,60.8644,61.8864,1351471
2024-12-03,DDD,42.9081,43.2499,42.8401,43.1377,324624
2024-12-03,EEE,103.1371,103.5013,101.7794,102.0088,868608
2024-12-04,AAA,38.931,39.0667,38.3712,38.475,997962
2024-12-04,BBB,48.934,49.336,48.7888,49.2451,368769
2024-12-04,CCC,61.6546,62.943,61.413,62.8683,1072201
2024-12-04,DDD,42.8923,43.3413,42.7707,43.2399,583844
2024-12-04,EEE,102.4046,104.3876,101.9426,104.1328,949578
2024-12-05,AAA,38.4845,38.8379,38.4005,38.7132,777420
2024-12-05,BBB,48.9453,50.6714,48.8981,50.4165,1309149
2024-12-05,CCC,62.3941,63.0791,62.3501,62.8434,1292628
2024-12-05,DDD,43.4962,43.6684,42.6537,42.9002,1044764
2024-12-05,EEE,103.618,104.7366,103.2769,104.2835,826592
2024-12-06,AAA,38.8143,38.9093,37.966,38.0348,327635
2024-12-06,BBB,50.2233,50.3145,50.0449,50.2625,686012
2024-12-06,CCC,63.3021,64.1068,63.1539,64.0703,448869
2024-12-06,DDD,42.7395,43.0738,42.6101,42.944,262023
2024-12-06,EEE,104.5801,107.1093,104.2321,106.7359,341103
2024-12-09,AAA,38.1557,38.284,38.0124,38.0767,211373
2024-12-09,BBB,50.2364,51.078,50.0284,50.9181,1488745
2024-12-09,CCC,64.5268,64.6568,64.0158,64.147,651234
2024-12-09,DDD,42.8513,42.9521,41.8938,42.0547,1486885
2024-12-09,EEE,105.9934,106.1264,104.738,105.0431,303299
2024-12-10,AAA,38.3172,38.4701,37.8957,38.0841,1499236
2024-12-10,BBB,51.0849,51.8347,50.9701,51.4128,908974
2024-12-10,CCC,64.3323,64.3353,63.6792,63.8489,1127070
2024-12-10,DDD,42.1336,42.2447,41.5655,41.6796,1039054
2024-12-10,EEE,104.9391,105.2087,103.9747,104.1493,311940
2024-12-11,AAA,38.2563,38.8534,38.0957,38.6898,666732
2024-12-11,BBB,51.5709,51.8101,51.0131,51.1118,1295559
2024-12-11,CCC,63.5794,63.8768,62.2228,62.4037,856028
2024-12-11,DDD,41.8595,41.8747,41.2348,41.3683,365180
2024-12-11,EEE,104.8675,105.3209,103.4063,103.601,564164
2024-12-12,AAA,38.7983,38.8094,38.1651,38.219,1067389
2024-12-12,BBB,50.9426,51.5886,50.7806,51.4764,250389
2024-12-12,CCC,62.3487,62.5733,61.4802,61.787,368044
2024-12-12,DDD,41.3686,41.3848,40.6323,40.888,827325
2024-12-12,EEE,103.2828,103.7262,102.7642,103.5748,867614
2024-12-13,AAA,38.3475,39.0873,38.2533,38.8551,400955
2024-12-13,BBB,51.3519,52.1838,51.3091,52.148,1106772
2024-12-13,CCC,61.5815,61.7858,59.3864,59.5533,900340
2024-12-13,DDD,40.8956,41.1291,40.6522,40.8287,1160185
2024-12-13,EEE,103.1213,103.4218,102.5669,102.8999,1269570
2024-12-16,AAA,38.871,38.9937,38.5776,38.7818,828459
2024-12-16,BBB,52.1158,52.1482,51.1813,51.263,487206
2024-12-16,CCC,59.4807,59.9285,59.3315,59.8121,433854
2024-12-16,DDD,40.9096,40.9812,40.3742,40.4241,414677
2024-12-16,EEE,103.2571,103.6601,102.0861,102.8534,1301452
2024-12-17,AAA,38.8365,38.8762,38.5017,38.6525,479238
2024-12-17,BBB,51.1727,51.4616,50.5328,50.7523,1198421
2024-12-17,CCC,59.637,60.9847,59.4362,60.8099,1094220
2024-12-17,DDD,40.1848,40.6355,40.05,40.3838,981856
2024-12-17,EEE,103.4495,105.8353,102.9823,104.9328,1023209
2024-12-18,AAA,38.616,38.7177,38.2491,38.3434,180684
2024-12-18,BBB,50.6643,50.8495,50.2429,50.4532,1006530
2024-12-18,CCC,61.0431,61.3767,60.4167,60.5907,1262248
2024-12-18,DDD,40.0786,40.1107,39.7514,39.9525,912369
2024-12-18,EEE,104.6981,106.9314,104.5196,106.5887,853221
2024-12-19,AAA,38.3283,39.2952,38.2825,39.1967,534305
2024-12-19,BBB,50.4606,50.5142,49.6922,49.8629,858481
2024-12-19,CCC,60.511,60.6616,60.1637,60.4483,690994
2024-12-19,DDD,40.0686,41.3982,39.983,41.282,552175
2024-12-19,EEE,106.3107,107.4632,105.9039,107.2887,367356
2024-12-20,AAA,39.0892,39.3376,38.9848,39.1122,1266524
2024-12-20,BBB,50.2252,50.2874,49.5157,49.6864,1091454
2024-12-20,CCC,60.1763,60.7484,59.7378,60.6837,1051808
2024-12-20,DDD,41.2508,42.8569,41.0121,42.5492,1488645
2024-12-20,EEE,106.664,106.7393,103.873,104.0013,1351778
2024-12-23,AAA,39.1219,39.8783,39.0114,39.756,891204
2024-12-23,BBB,49.6664,49.8059,49.5068,49.6682,180001
2024-12-23,CCC,60.4957,60.9241,60.2801,60.5691,1166338
2024-12-23,DDD,42.4359,42.5064,41.312,41.4296,654610
2024-12-23,EEE,104.0924,105.249,103.6234,104.7118,957386
2024-12-24,AAA,39.3872,40.6565,39.3118,40.6158,1170351
2024-12-24,BBB,49.6678,50.7969,49.5885,50.5628,756825
2024-12-24,CCC,60.4919,60.6528,60.4742,60.4883,1273815
2024-12-24,DDD,41.2511,43.433,41.0765,43.2834,1014542
2024-12-24,EEE,104.7996,106.3018,104.2925,105.752,775408
2024-12-25,AAA,40.7279,40.8886,40.5727,40.6635,394215
2024-12-25,BBB,50.4086,51.3359,50.0345,51.0713,323974
2024-12-25,CCC,60.56,60.9658,60.2584,60.4502,772066
2024-12-25,DDD,43.3024,43.3419,43.1346,43.2737,893354
2024-12-25,EEE,106.2897,106.5895,106.0325,106.4095,935205
2024-12-26,AAA,40.6934,41.4098,40.5491,41.2068,411457
2024-12-26,BBB,50.9593,51.2378,49.417,49.6207,1029737
2024-12-26,CCC,61.1126,61.4018,60.3237,60.4069,632348
2024-12-26,DDD,43.3724,43.7309,43.161,43.4777,232841
2024-12-26,EEE,107.0784,108.4041,106.4549,108.3933,914804
2024-12-27,AAA,41.3219,41.455,40.8474,40.9704,1437927
2024-12-27,BBB,49.8209,50.0186,49.5156,49.7862,992063
2024-12-27,CCC,60.2276,60.9609,60.0889,60.9431,461319
2024-12-27,DDD,43.2739,43.5938,43.1631,43.5155,883951
2024-12-27,EEE,107.8985,108.1716,106.1319,106.3833,950594
2024-12-30,AAA,40.7381,40.7636,39.7159,39.8064,1467786
2024-12-30,BBB,49.8577,51.0204,49.7387,50.7761,1075370
2024-12-30,CCC,60.6629,60.8462,59.2526,59.3823,1343869
2024-12-30,DDD,43.3526,43.3796,43.1815,43.1945,373234
2024-12-30,EEE,106.6725,108.06,106.4449,107.5108,979889
2024-12-31,AAA,39.5664,39.7655,39.5158,39.7246,686820
2024-12-31,BBB,51.1227,51.2982,50.1519,50.3842,677935
2024-12-31,CCC,59.0938,60.0107,59.0564,59.7461,327635
2024-12-31,DDD,42.9406,43.0767,42.8456,43.0337,714145
2024-12-31,EEE,107.4977,108.1831,107.1774,107.4642,715556
2025-01-01,AAA,39.6592,40.7155,39.6314,40.6232,1273681
2025-01-01,BBB,50.3864,50.6822,49.7995,50.005,200860
2025-01-01,CCC,59.485,59.7132,57.9776,58.3469,270999
2025-01-01,DDD,43.1611,43.3525,43.0693,43.2702,652309
2025-01-01,EEE,106.9976,107.7622,106.7036,107.4952,1289560
2025-01-02,AAA,40.6042,40.645,39.6212,39.7337,317036
2025-01-02,BBB,49.962,50.29,48.7717,48.8975,558826
2025-01-02,CCC,58.4782,58.8172,58.4228,58.6392,1487207
2025-01-02,DDD,43.1466,43.6729,42.9139,43.6104,1115489
2025-01-02,EEE,107.523,107.9806,106.1167,106.3856,602567
2025-01-03,AAA,39.7573,39.9057,39.2589,39.4101,1271127
2025-01-03,BBB,49.0309,50.249,48.9203,50.1057,1283783
2025-01-03,CCC,58.3393,58.5612,57.636,57.6795,541479
2025-01-03,DDD,43.7718,44.0372,43.522,43.9952,948807
2025-01-03,EEE,106.3824,106.4335,105.7083,106.1247,225634
2025-01-06,AAA,39.5448,39.6002,38.6594,38.825,658267
2025-01-06,BBB,49.9971,51.0849,49.7929,50.8157,1308179
2025-01-06,CCC,57.3791,58.1804,57.2631,57.9721,1126234
2025-01-06,DDD,44.173,44.4121,44.0362,44.2451,880056
2025-01-06,EEE,106.6602,107.1063,104.8174,105.3801,988404
2025-01-07,AAA,38.7759,38.9206,38.061,38.2226,181409
2025-01-07,BBB,50.7802,51.1762,50.7157,50.9169,1193312
2025-01-07,CCC,58.2587,58.3564,58.0774,58.2696,440013
2025-01-07,DDD,44.1899,44.6906,44.1823,44.4799,1048238
2025-01-07,EEE,104.8564,105.0231,104.1983,104.775,1469648
2025-01-08,AAA,38.4568,38.6496,38.1011,38.1961,806556
2025-01-08,BBB,51.0421,51.2596,49.651,49.8484,755903
2025-01-08,CCC,58.1732,58.3173,57.4152,57.5043,249314
2025-01-08,DDD,44.8437,44.9221,43.9984,44.1097,221169
2025-01-08,EEE,104.2938,107.5131,103.9968,107.2896,1446832
2025-01-09,AAA,38.4957,39.142,38.4515,39.1207,258522
2025-01-09,BBB,50.0055,50.1509,49.5451,49.6457,722788
2025-01-09,CCC,56.9661,57.0166,56.1608,56.4008,947246
2025-01-09,DDD,43.9798,44.4396,43.7732,44.3231,281991
2025-01-09,EEE,106.6016,107.0258,104.1964,104.2901,305217
2025-01-10,AAA,38.9551,39.871,38.8761,39.8569,868303
2025-01-10,BBB,50.047,50.0705,49.2516,49.4494,248187
2025-01-10,CCC,56.0921,56.4613,55.0772,55.1724,896403
2025-01-10,DDD,44.4629,44.6694,43.6256,43.8496,966810
2025-01-10,EEE,104.3577,104.7575,103.2841,103.5654,971647
2025-01-13,AAA,39.7532,39.9136,39.6906,39.8478,412502
2025-01-13,BBB,49.3636,49.4425,49.1771,49.3847,643614
2025-01-13,CCC,55.3187,55.7042,55.1783,55.7017,738474
2025-01-13,DDD,44.0346,46.1406,43.9796,45.9728,371845
2025-01-13,EEE,103.6835,105.1647,103.3647,104.9856,1381169
2025-01-14,AAA,40.2114,40.356,39.2787,39.4671,732673
2025-01-14,BBB,48.9701,49.3757,48.6826,49.1457,916573
2025-01-14,CCC,56.2467,56.2574,54.4239,54.4732,1032559
2025-01-14,DDD,46.2351,46.5319,45.6233,45.8967,446371
2025-01-14,EEE,105.7072,106.1905,105.0767,105.6502,964231
2025-01-15,AAA,39.3544,39.5093,39.3448,39.4185,451115
2025-01-15,BBB,49.1548,49.6593,48.8419,49.3799,1266449
2025-01-15,CCC,54.7679,55.1975,53.2551,53.3645,1125251
2025-01-15,DDD,45.9861,46.0099,45.0219,45.023,469234
2025-01-15,EEE,105.5508,105.8371,104.6822,104.7853,1381027
2025-01-16,AAA,39.0637,39.0875,38.3833,38.6014,1450663
2025-01-16,BBB,49.194,50.2831,49.0031,50.1126,636022
2025-01-16,CCC,52.887,53.0198,52.2859,52.41,499618
2025-01-16,DDD,45.1172,45.3927,44.937,45.1755,561469
2025-01-16,EEE,105.1555,107.1841,104.7051,106.9287,296647
2025-01-17,AAA,38.6649,39.417,38.6186,39.2378,1175638
2025-01-17,BBB,50.5682,50.7846,50.1235,50.4233,632235
2025-01-17,CCC,52.4928,52.7957,52.3685,52.6039,988134
2025-01-17,DDD,45.1566,45.1572,44.4545,44.4993,1407840
2025-01-17,EEE,106.3537,108.4746,106.047,108.1816,949544
2025-01-20,AAA,39.3522,39.5968,39.1901,39.5238,1388804
2025-01-20,BBB,50.4086,50.7385,50.3396,50.5483,498849
2025-01-20,CCC,52.744,52.9035,51.5766,51.8241,1451769
2025-01-20,DDD,44.3652,45.1982,44.1338,44.9847,673662
2025-01-20,EEE,107.9096,109.5012,107.8194,109.2827,547171
2025-01-21,AAA,39.3463,39.3711,39.1779,39.3027,1244172
2025-01-21,BBB,50.8258,51.4378,50.5749,51.3855,793010
2025-01-21,CCC,51.5268,51.6035,50.7786,50.8237,295813
2025-01-21,DDD,44.8658,45.4054,44.7201,45.3741,1087944
2025-01-21,EEE,110.0187,110.477,109.0701,109.4162,682475
2025-01-22,AAA,39.1781,39.6168,39.0158,39.4962,466253
2025-01-22,BBB,51.4553,51.657,51.0764,51.3325,1273612
2025-01-22,CCC,50.8951,51.6587,50.7021,51.3916,1100989
2025-01-22,DDD,45.2942,45.609,45.0422,45.0445,390774
2025-01-22,EEE,109.8995,110.0995,109.084,109.3814,498431
2025-01-23,AAA,39.6979,40.3114,39.4452,40.2712,435034
2025-01-23,BBB,51.3961,52.5008,51.3275,52.2787,1343734
2025-01-23,CCC,51.4881,52.4496,51.1812,52.2856,1055056
2025-01-23,DDD,45.2081,45.3708,44.1966,44.3633,395709
2025-01-23,EEE,109.5531,112.0639,109.2496,111.8865,1297064
2025-01-24,AAA,40.4395,40.5663,39.9677,40.0549,1238717
2025-01-24,BBB,52.3769,53.9889,52.3656,53.751,268727
2025-01-24,CCC,52.2219,52.4707,51.9918,52.4013,1263763
2025-01-24,DDD,44.2275,44.4422,43.4396,43.7257,620969
2025-01-24,EEE,111.7743,113.0391,111.5853,112.8213,1436619
2025-01-27,AAA,39.805,40.2099,39.5649,40.0125,1411269
2025-01-27,BBB,53.8127,54.6666,53.5395,54.6213,777788
2025-01-27,CCC,52.6754,52.7249,52.2442,52.3956,1297820
2025-01-27,DDD,43.785,44.1289,42.9901,43.1283,221285
2025-01-27,EEE,112.6165,112.6534,111.8435,112.1975,388694
2025-01-28,AAA,40.0608,40.1229,39.6007,39.6698,1460711
2025-01-28,BBB,54.9297,55.0848,54.0558,54.2407,926453
2025-01-28,CCC,52.2432,52.8046,52.0934,52.3976,1052202
2025-01-28,DDD,43.0006,44.1939,42.8183,44.0654,355067
2025-01-28,EEE,112.0531,112.4338,111.3915,111.8946,1078752
2025-01-29,AAA,39.9459,40.0272,39.4928,39.6912,636364
2025-01-29,BBB,54.0253,54.1661,53.3637,53.6133,504694
2025-01-29,CCC,51.9779,52.5257,51.7197,52.4481,498766
2025-01-29,DDD,43.9227,44.1413,43.3156,43.55,1032706
2025-01-29,EEE,111.7869,113.1172,111.6849,112.9065,740162
2025-01-30,AAA,39.8175,39.9014,39.6619,39.7773,882810
2025-01-30,BBB,53.2555,53.503,52.5965,52.691,556460
2025-01-30,CCC,52.2742,52.568,51.7223,52.0178,424003
2025-01-30,DDD,43.8643,44.6747,43.76,44.5291,665026
2025-01-30,EEE,112.9154,113.0766,111.5005,111.8576,952974
2025-01-31,AAA,39.8826,40.0541,39.2529,39.418,519797
2025-01-31,BBB,52.5479,52.7048,51.1745,51.4244,706211
2025-01-31,CCC,51.9679,52.0403,51.6653,51.7175,566809
2025-01-31,DDD,44.3541,45.0385,44.1774,44.9965,1145808
2025-01-31,EEE,112.2242,112.4544,108.7628,108.9072,430921
2025-02-03,AAA,39.6465,40.2748,39.498,40.1844,1396145
2025-02-03,BBB,51.7653,51.8498,50.8308,50.914,949360
2025-02-03,CCC,51.5897,51.6377,50.9859,50.9924,359211
2025-02-03,DDD,44.9917,45.2232,44.6651,44.8679,182494
2025-02-03,EEE,109.0915,109.7188,106.7882,107.023,1150800
2025-02-04,AAA,40.088,40.4869,39.9386,40.2358,944250
2025-02-04,BBB,50.8016,51.1964,50.5117,51.059,1306818
2025-02-04,CCC,51.3393,51.4247,51.0065,51.1904,1221667
2025-02-04,DDD,44.9133,45.1105,43.5566,43.5589,1155162
2025-02-04,EEE,106.2479,109.6344,105.4098,108.8794,199767
2025-02-05,AAA,40.4279,40.4822,40.1295,40.1708,448066
2025-02-05,BBB,50.8922,52.1891,50.7304,52.0374,399065
2025-02-05,CCC,51.1385,51.6762,50.9058,51.4453,307926
2025-02-05,DDD,43.4125,43.5446,42.8525,43.1223,857984
2025-02-05,EEE,108.8369,109.007,103.9292,104.1866,1388187
2025-02-06,AAA,40.211,40.2541,40.0923,40.2401,794799
2025-02-06,BBB,52.0385,52.3133,51.7233,52.0049,1432213
2025-02-06,CCC,51.3717,51.3853,51.2208,51.292,218374
2025-02-06,DDD,43.2131,43.3911,42.4262,42.587,1166707
2025-02-06,EEE,104.1396,105.685,103.8631,105.5606,394271
2025-02-07,AAA,40.3728,41.3856,40.2871,41.2478,753846
2025-02-07,BBB,51.9604,52.1853,51.6928,51.7875,1068690
2025-02-07,CCC,51.0614,51.2595,50.6017,50.8761,320932
2025-02-07,DDD,42.6387,43.1064,42.4168,42.8333,1013759
2025-02-07,EEE,105.0608,106.4823,104.3269,106.4511,517418
2025-02-10,AAA,41.2903,41.484,40.2291,40.2352,1202878
2025-02-10,BBB,51.5867,51.7897,51.2827,51.7335,883217
2025-02-10,CCC,50.6657,51.2307,50.5836,51.1085,588740
2025-02-10,DDD,42.9862,43.4933,42.76,43.336,326117
2025-02-10,EEE,106.2818,106.7171,105.5431,106.2385,973607
2025-02-11,AAA,40.0489,40.0917,39.8319,39.9561,945085
2025-02-11,BBB,52.073,52.1757,51.4485,51.6335,1237478
2025-02-11,CCC,50.9698,51.8289,50.8419,51.5699,938746
2025-02-11,DDD,43.3708,43.5905,43.3258,43.4496,670569
2025-02-11,EEE,105.5933,107.2704,105.3607,107.2455,615252
2025-02-12,AAA,40.0542,40.2348,38.6783,38.7752,674292
2025-02-12,BBB,51.2415,51.5271,50.8603,50.9289,1463032
2025-02-12,CCC,51.6221,51.8694,50.5161,50.6959,1283415
2025-02-12,DDD,43.2434,43.4972,42.833,43.0054,1014994
2025-02-12,EEE,107.597,107.686,103.6878,104.3122,364152
2025-02-13,AAA,38.6206,38.8317,37.5634,37.6597,348668
2025-02-13,BBB,50.8095,51.1004,50.7537,50.9203,862294
2025-02-13,CCC,50.9859,52.4401,50.8654,52.3154,957636
2025-02-13,DDD,42.9082,43.1319,42.6944,42.9775,1049701
2025-02-13,EEE,104.2086,107.7881,104.1528,107.3717,295440
2025-02-14,AAA,37.7809,37.8432,37.0226,37.1641,731257
2025-02-14,BBB,50.7149,51.3051,50.598,51.2231,856221
2025-02-14,CCC,52.5594,52.7551,51.5512,51.733,1049561
2025-02-14,DDD,42.9767,43.1803,42.8029,42.8403,1498499
2025-02-14,EEE,106.9048,107.1636,106.317,106.5373,608678
2025-02-17,AAA,37.4371,37.5506,37.2966,37.4534,848546
2025-02-17,BBB,51.1366,51.3021,50.1662,50.2768,863437
2025-02-17,CCC,52.0895,52.4362,51.945,52.2615,595420
2025-02-17,DDD,42.7667,42.9117,42.6813,42.7947,1006558
2025-02-17,EEE,106.942,107.0949,105.3185,106.0044,601692
2025-02-18,AAA,37.3395,38.0973,37.2291,38.0259,792051
2025-02-18,BBB,50.1449,50.4891,49.8505,50.2688,1358634
2025-02-18,CCC,52.1944,53.1604,52.0175,53.0008,604541
2025-02-18,DDD,42.7393,44.1787,42.4406,44.021,723978
2025-02-18,EEE,105.5733,109.0915,105.3601,108.7655,758032
2025-02-19,AAA,38.0607,38.2485,37.2168,37.3508,1409565
2025-02-19,BBB,50.3664,50.4934,49.784,49.9704,519101
2025-02-19,CCC,52.7132,53.3056,52.6486,53.3011,868270
2025-02-19,DDD,44.3405,44.474,43.3625,43.649,590621
2025-02-19,EEE,109.1141,109.7687,107.6069,108.189,1338044
2025-02-20,AAA,37.4616,37.4899,37.3009,37.3326,462910
2025-02-20,BBB,49.6159,50.5024,49.3447,50.3058,1112838
2025-02-20,CCC,53.4364,53.5787,52.6733,52.8526,818285
2025-02-20,DDD,43.6376,43.9182,43.5,43.8414,584262
2025-02-20,EEE,107.8506,108.64,107.7743,108.5296,1040875
2025-02-21,AAA,37.373,37.907,37.1219,37.7626,503621
2025-02-21,BBB,50.5062,50.588,50.1645,50.1659,1202250
2025-02-21,CCC,52.755,52.9753,51.7607,51.9784,919477
2025-02-21,DDD,43.8391,44.5279,43.7295,44.4227,1330399
2025-02-21,EEE,108.638,108.7275,107.4781,107.7915,545886
2025-02-24,AAA,38.1721,38.2703,38.045,38.0985,286570
2025-02-24,BBB,50.1178,50.3972,48.9853,49.0255,426393
2025-02-24,CCC,52.4356,52.5911,52.0432,52.1273,1233930
2025-02-24,DDD,44.3042,45.3054,44.1376,45.2302,1217476
2025-02-24,EEE,107.5392,109.7706,107.1177,109.748,1001495
